-- MySQL dump 10.13  Distrib 5.7.17, for Win64 (x86_64)
--
-- Host: localhost    Database: bd_finalv17
-- ------------------------------------------------------
-- Server version	5.7.19-log

/*!40101 SET @OLD_CHARACTER_SET_CLIENT=@@CHARACTER_SET_CLIENT */;
/*!40101 SET @OLD_CHARACTER_SET_RESULTS=@@CHARACTER_SET_RESULTS */;
/*!40101 SET @OLD_COLLATION_CONNECTION=@@COLLATION_CONNECTION */;
/*!40101 SET NAMES utf8 */;
/*!40103 SET @OLD_TIME_ZONE=@@TIME_ZONE */;
/*!40103 SET TIME_ZONE='+00:00' */;
/*!40014 SET @OLD_UNIQUE_CHECKS=@@UNIQUE_CHECKS, UNIQUE_CHECKS=0 */;
/*!40014 SET @OLD_FOREIGN_KEY_CHECKS=@@FOREIGN_KEY_CHECKS, FOREIGN_KEY_CHECKS=0 */;
/*!40101 SET @OLD_SQL_MODE=@@SQL_MODE, SQL_MODE='NO_AUTO_VALUE_ON_ZERO' */;
/*!40111 SET @OLD_SQL_NOTES=@@SQL_NOTES, SQL_NOTES=0 */;

--
-- Table structure for table `alumno`
--

DROP TABLE IF EXISTS `alumno`;
/*!40101 SET @saved_cs_client     = @@character_set_client */;
/*!40101 SET character_set_client = utf8 */;
CREATE TABLE `alumno` (
  `idalumno` varchar(12) NOT NULL,
  `nombre` varchar(45) DEFAULT NULL,
  `ape_pat` varchar(45) DEFAULT NULL,
  `ape_mat` varchar(45) DEFAULT NULL,
  PRIMARY KEY (`idalumno`)
) ENGINE=InnoDB DEFAULT CHARSET=utf8;
/*!40101 SET character_set_client = @saved_cs_client */;

--
-- Dumping data for table `alumno`
--

LOCK TABLES `alumno` WRITE;
/*!40000 ALTER TABLE `alumno` DISABLE KEYS */;
INSERT INTO `alumno` VALUES ('1','MARTIN','BAZALAR','CONTRERAS'),('2','NOAH','BAZALAR','NEYRA');
/*!40000 ALTER TABLE `alumno` ENABLE KEYS */;
UNLOCK TABLES;

--
-- Table structure for table `aula`
--

DROP TABLE IF EXISTS `aula`;
/*!40101 SET @saved_cs_client     = @@character_set_client */;
/*!40101 SET character_set_client = utf8 */;
CREATE TABLE `aula` (
  `idaula` varchar(12) NOT NULL,
  `num_aula` int(11) DEFAULT NULL,
  `descripcion` varchar(45) DEFAULT NULL,
  `codA_pab` varchar(12) NOT NULL,
  PRIMARY KEY (`idaula`),
  KEY `idA_pab_idx` (`codA_pab`),
  CONSTRAINT `idA_pab` FOREIGN KEY (`codA_pab`) REFERENCES `pabellon` (`idpabellon`) ON DELETE NO ACTION ON UPDATE NO ACTION
) ENGINE=InnoDB DEFAULT CHARSET=utf8;
/*!40101 SET character_set_client = @saved_cs_client */;

--
-- Dumping data for table `aula`
--

LOCK TABLES `aula` WRITE;
/*!40000 ALTER TABLE `aula` DISABLE KEYS */;
INSERT INTO `aula` VALUES ('1',101,NULL,'1'),('10',302,NULL,'1'),('11',303,NULL,'1'),('12',304,NULL,'1'),('13',101,NULL,'2'),('14',102,NULL,'2'),('15',103,NULL,'2'),('16',104,NULL,'2'),('17',105,NULL,'2'),('18',106,NULL,'2'),('19',201,NULL,'2'),('2',102,NULL,'1'),('20',202,NULL,'2'),('21',203,NULL,'2'),('22',204,NULL,'2'),('23',205,NULL,'2'),('24',206,NULL,'2'),('25',301,NULL,'2'),('26',302,NULL,'2'),('27',303,NULL,'2'),('28',304,NULL,'2'),('29',305,NULL,'2'),('3',103,NULL,'1'),('30',306,NULL,'2'),('31',101,NULL,'5'),('32',102,NULL,'5'),('33',103,NULL,'5'),('34',104,NULL,'5'),('35',201,NULL,'5'),('36',101,NULL,'3'),('37',102,NULL,'3'),('38',103,NULL,'3'),('39',201,NULL,'3'),('4',104,NULL,'1'),('40',202,NULL,'3'),('41',203,NULL,'3'),('42',301,NULL,'3'),('43',302,NULL,'3'),('44',303,NULL,'3'),('5',201,NULL,'1'),('6',202,NULL,'1'),('7',203,NULL,'1'),('8',204,NULL,'1'),('9',301,NULL,'1');
/*!40000 ALTER TABLE `aula` ENABLE KEYS */;
UNLOCK TABLES;

--
-- Table structure for table `curso`
--

DROP TABLE IF EXISTS `curso`;
/*!40101 SET @saved_cs_client     = @@character_set_client */;
/*!40101 SET character_set_client = utf8 */;
CREATE TABLE `curso` (
  `index_curso` int(11) NOT NULL AUTO_INCREMENT,
  `idcurso` varchar(12) NOT NULL,
  `sicat` varchar(12) DEFAULT NULL,
  `nombre` varchar(60) DEFAULT NULL,
  `creditos` int(11) DEFAULT NULL,
  `h_teo` int(11) DEFAULT NULL,
  `h_lab` int(11) DEFAULT NULL,
  `h_pract` int(11) DEFAULT NULL,
  `estado_hab_inhab` tinyint(1) DEFAULT NULL,
  `req01` varchar(15) DEFAULT NULL,
  `req02` varchar(15) DEFAULT NULL,
  `req03` varchar(11) DEFAULT NULL,
  `cooreq` varchar(11) DEFAULT NULL,
  `cred_req` varchar(12) DEFAULT NULL,
  `nombreProp` varchar(45) DEFAULT NULL,
  `codLab` varchar(12) DEFAULT NULL,
  `usu_crea_reg` varchar(45) DEFAULT NULL,
  `fec_crea_reg` datetime DEFAULT NULL,
  `ult_usu_mod_reg` varchar(45) DEFAULT NULL,
  `fec_ult_mod_reg` datetime DEFAULT NULL,
  PRIMARY KEY (`index_curso`,`idcurso`),
  KEY `idcurso` (`idcurso`)
) ENGINE=InnoDB AUTO_INCREMENT=89 DEFAULT CHARSET=utf8;
/*!40101 SET character_set_client = @saved_cs_client */;

--
-- Dumping data for table `curso`
--

LOCK TABLES `curso` WRITE;
/*!40000 ALTER TABLE `curso` DISABLE KEYS */;
INSERT INTO `curso` VALUES (1,'TR000501010','090005','ACTIVIDADES I',1,1,0,2,1,'','','','','null','Departamento Académico',NULL,NULL,NULL,NULL,NULL),(2,'09000301030','090003','FILOSOFIA',3,3,0,0,1,'','','','','','Departamento Académico\r',NULL,NULL,NULL,NULL,NULL),(3,'09066301040','090663','GEOMETRIA ANALITICA',4,3,2,3,1,'','','','','','Departamento Académico\r',NULL,NULL,NULL,NULL,NULL),(4,'TR000101010','090971','INGLES I',1,0,2,0,1,'','','','','','Departamento Académico\r',NULL,NULL,NULL,NULL,NULL),(5,'09066201020','090662','INTRO. A LA INGENIERIA',2,1,2,0,1,'','','','','','Ingeniería de Computación y Sistemas\r',NULL,NULL,NULL,NULL,NULL),(6,'09000201020','090002','LENGUAJE',2,1,2,0,1,'','','','','','Departamento Académico\r',NULL,NULL,NULL,NULL,NULL),(7,'09066801051','090668','MATEMATICA DISCRETA',5,4,2,0,1,'','','','','','Departamento Académico\r',NULL,NULL,NULL,NULL,NULL),(8,'09071001020','090710','METODOS DE ESTUDIO ',2,1,2,0,1,'','','','','','Departamento Académico\r',NULL,NULL,NULL,NULL,NULL),(9,'09070901030','090709','REALIDAD NACIONAL',3,3,0,0,1,'','','','','','Departamento Académico\r',NULL,NULL,NULL,NULL,NULL),(10,'TR000602010','090020','ACTIVIDADES II',1,0,2,0,1,'','','','','','Departamento Académico\r',NULL,NULL,NULL,NULL,NULL),(11,'09036602050','090366','ALGEBRA LINEAL',5,4,2,0,1,'','','','','','Departamento Académico\r',NULL,NULL,NULL,NULL,NULL),(12,'09065502050','090655','CALCULO I',5,4,2,0,1,'09066801051','09066301040','','','','Departamento Académico\r',NULL,NULL,NULL,NULL,NULL),(13,'09066502031','090665','FUNDAMENTOS DISEÑO WEB',3,2,2,0,1,'09066201020','','','','','Ingeniería de Computación y Sistemas\r',NULL,NULL,NULL,NULL,NULL),(14,'TR000202010','091155','INGLES II',1,0,2,0,1,'TR000101010','','','','','Departamento Académico\r',NULL,NULL,NULL,NULL,NULL),(15,'09127402030','091274','INTRODUC. A LA ECONOMIA',3,2,2,0,1,'09070901030','','','','','Departamento Académico\r',NULL,NULL,NULL,NULL,NULL),(16,'09111402050','091114','INTRODUCCION A LA PROGRAM',5,3,1,3,1,'09066801051','','','','','Ingeniería de Computación y Sistemas\r',NULL,NULL,NULL,NULL,NULL),(17,'09111402050','091123','LAB.INTROD. A LA PROGRAM ',0,0,0,0,1,'09066801051','','','','','Ingeniería de Computación y Sistemas\r',NULL,NULL,NULL,NULL,NULL),(18,'09005303050','090053','ALGORIT. Y ESTR. DATOS I',5,3,1,3,1,'09111402050','','','','','Ingeniería de Computación y Sistemas\r',NULL,NULL,NULL,NULL,NULL),(19,'09005403040','090054','ESTADIST.Y PROBABILID. I',4,3,2,0,1,'09065502050','','','','','Departamento Académico\r',NULL,NULL,NULL,NULL,NULL),(20,'09005603050','090056','FISICA I',5,3,2,2,1,'09036602050','09065502050','','','','Departamento Académico\r',NULL,NULL,NULL,NULL,NULL),(21,'09005303050','090038','LAB. A Y E DE DATOS I',0,0,0,0,1,'09111402050','','','','','Ingeniería de Computación y Sistemas\r',NULL,NULL,NULL,NULL,NULL),(22,'09005603050','090058','LAB. FISICA I',0,0,0,0,1,'09036602050','09065502050','','','','Departamento Académico\r',NULL,NULL,NULL,NULL,NULL),(23,'09111503050','091128','LAB.TECNOLOGIA  DE INF.I',0,0,0,0,1,'09111402050','','','','','Ingeniería de Computación y Sistemas\r',NULL,NULL,NULL,NULL,NULL),(24,'09127603030','091276','SISTEMAS DE INFORMACION',3,2,2,0,1,'09066201020','','','','','Ingeniería de Computación y Sistemas\r',NULL,NULL,NULL,NULL,NULL),(25,'09111503050','091115','TECNOLOGIA INFORMACION I',5,4,0,2,1,'09111402050','','','','','Ingeniería de Computación y Sistemas\r',NULL,NULL,NULL,NULL,NULL),(26,'09006904050','090069','ALGORIT. Y ESTR. DATOS II',5,3,1,3,1,'09005303050','','','','','Ingeniería de Computación y Sistemas\r',NULL,NULL,NULL,NULL,NULL),(27,'09006004040','090060','ESTADIST.Y PROBABILID. II',4,3,2,0,1,'09005403040','','','','','Departamento Académico\r',NULL,NULL,NULL,NULL,NULL),(28,'09007404050','090074','FISICA II',5,3,2,2,1,'09005603050','','','','','Departamento Académico\r',NULL,NULL,NULL,NULL,NULL),(29,'09006904050','090059','LAB. A Y E DE DATOS II',0,0,0,0,1,'09005303050','','','','','Ingeniería de Computación y Sistemas\r',NULL,NULL,NULL,NULL,NULL),(30,'09007404050','090075','LAB. FISICA II',0,0,0,0,1,'09005603050','','','','','Departamento Académico\r',NULL,NULL,NULL,NULL,NULL),(31,'09114904040','091152','LAB.TECNOLOGIA DE INF.II',0,0,0,0,1,'09111503050','','','','','Ingeniería de Computación y Sistemas\r',NULL,NULL,NULL,NULL,NULL),(32,'09007704040','090077','MICROECONOMIA',4,3,2,0,1,'09127402030','','','','','Departamento Académico\r',NULL,NULL,NULL,NULL,NULL),(33,'09114904040','091149','TECNOLOGIA INFORMACION II',4,3,0,2,1,'09111503050','','','','','Ingeniería de Computación y Sistemas\r',NULL,NULL,NULL,NULL,NULL),(34,'09012205043','090122','CONTABILIDAD GENERAL',4,3,2,0,1,'','','','','80 CRED. APR','Departamento Académico\r',NULL,NULL,NULL,NULL,NULL),(35,'09093205051','090932','GESTION DE PROCESOS',5,4,0,2,1,'09127603030','','','','','Ingeniería de Computación y Sistemas\r',NULL,NULL,NULL,NULL,NULL),(36,'09009005040','090090','INGENIERIA ADMINISTRATIVA',4,3,2,0,1,'09007704040','','','','','Departamento Académico\r',NULL,NULL,NULL,NULL,NULL),(37,'09093205051','091296','LAB. GESTION DE PROCESOS',0,0,0,0,1,'09127603030','','','','','Ingeniería de Computación y Sistemas\r',NULL,NULL,NULL,NULL,NULL),(38,'09008905050','090099','LAB. TEO.DI.BASE DE DATOS',0,0,0,0,1,'09006904050','','','','','Ingeniería de Computación y Sistemas\r',NULL,NULL,NULL,NULL,NULL),(39,'09127905040','091279','SERV. Y SIST. OPERATIVOS',4,3,0,2,1,'09114904040','','','','','Ingeniería de Computación y Sistemas\r',NULL,NULL,NULL,NULL,NULL),(40,'09008905050','090089','TEO. DIS. BASE DE DATOS',5,3,1,3,1,'09006904050','','','','','Ingeniería de Computación y Sistemas\r',NULL,NULL,NULL,NULL,NULL),(41,'09013106041','090131','INGENIERIA DE COSTOS',4,3,2,0,1,'09012205043','','','','','Departamento Académico\r',NULL,NULL,NULL,NULL,NULL),(42,'09011906050','090119','INGENIERIA DE SOFTWARE I',5,3,2,2,1,'09093205051','','','','','Ingeniería de Computación y Sistemas\r',NULL,NULL,NULL,NULL,NULL),(43,'09008506040','090085','INVESTIGACION OPERATIVA I',4,3,2,0,1,'09006004040','09066201020','','','','Ingeniería de Computación y Sistemas\r',NULL,NULL,NULL,NULL,NULL),(44,'09011906050','090100','LAB. ING. SW I',0,0,0,0,1,'09093205051','','','','','Ingeniería de Computación y Sistemas\r',NULL,NULL,NULL,NULL,NULL),(45,'09067106050','091297','LAB. PROGRAMACION I',0,0,0,0,1,'09008905050','','','','','Ingeniería de Computación y Sistemas\r',NULL,NULL,NULL,NULL,NULL),(46,'09067106050','090671','PROGRAMACION I',5,3,0,4,1,'09008905050','','','','','Ingeniería de Computación y Sistemas\r',NULL,NULL,NULL,NULL,NULL),(47,'09008806040','090088','TEORIA GENERAL SISTEMAS',4,4,0,0,1,'09009005040','','','','','Ingeniería de Computación y Sistemas\r',NULL,NULL,NULL,NULL,NULL),(48,'09014507040','090145','GESTION FINANCIERA',4,3,2,0,1,'09013106041  ','','','','','Departamento Académico\r',NULL,NULL,NULL,NULL,NULL),(49,'09013707050','090137','INGENIERIA DE SOFTWARE II',5,3,1,3,1,'09011906050','','','','','Ingeniería de Computación y Sistemas\r',NULL,NULL,NULL,NULL,NULL),(50,'09066607040','090666','INTELIGENCIA ART.ROBOTICA',4,4,0,0,1,'09067106050','','','','','Ingeniería de Computación y Sistemas\r',NULL,NULL,NULL,NULL,NULL),(51,'09013707050','090123','LAB. ING. SW II',0,0,0,0,1,'09011906050','','','','','Ingeniería de Computación y Sistemas\r',NULL,NULL,NULL,NULL,NULL),(52,'09112107050','091121','TALLER DE PROYECTOS',5,0,10,0,1,'09067106050','09011906050','','','','Ingeniería de Computación y Sistemas\r',NULL,NULL,NULL,NULL,NULL),(53,'09128808040','091288','ARQUITECTURA EMPRESARIAL',4,4,0,0,1,'09008806040','','','','','Ingeniería de Computación y Sistemas\r',NULL,NULL,NULL,NULL,NULL),(54,'09072108040','090721','DISE. IMPLEMENT. DE SIST.',4,3,2,0,1,'09013707050','','','','','Ingeniería de Computación y Sistemas\r',NULL,NULL,NULL,NULL,NULL),(55,'09054808040','090548','FORMUL.Y EVALUAC.DE PROY.',4,4,0,0,1,'09014507040','','','','','Departamento Académico\r',NULL,NULL,NULL,NULL,NULL),(56,'09066408040','090664','GESTION DE RECURSOS T.I.',4,4,0,0,1,'09013707050','','','','','Ingeniería de Computación y Sistemas\r',NULL,NULL,NULL,NULL,NULL),(57,'09093409040','090934','INTELIGENCIA DE NEGOCIOS',4,4,0,0,1,'09128808040','','','','','Ingeniería de Computación y Sistemas\r',NULL,NULL,NULL,NULL,NULL),(58,'09066700021','090667','LIDERAZGO Y ORATORIA',2,1,2,0,1,'','','','','100 CRED. AP','Departamento Académico\r',NULL,NULL,NULL,NULL,NULL),(59,'09067009040','090670','PLAN. ESTRATEGICO DE TI',4,4,0,0,1,'09066408040','','','','','Ingeniería de Computación y Sistemas\r',NULL,NULL,NULL,NULL,NULL),(60,'09067309040','090673','PROYECTO I',4,4,0,0,1,'09054808040','09112107050','','','','Ingeniería de Computación y Sistemas\r',NULL,NULL,NULL,NULL,NULL),(61,'09067909040','090679','SEG. Y AUDITORIA DE SI',4,3,2,0,1,'09072108040','','','','','Ingeniería de Computación y Sistemas\r',NULL,NULL,NULL,NULL,NULL),(62,'09003410022','090034','ETICA Y MORAL',2,1,2,0,1,'','','','','170 CRED. AP','Departamento Académico\r',NULL,NULL,NULL,NULL,NULL),(63,'09134910040','091349','MARKETING DIGITAL',4,4,0,0,1,'09054808040','','','','','Departamento Académico\r',NULL,NULL,NULL,NULL,NULL),(64,'09007010040','090070','PROYECTO II',4,4,0,0,1,'09067309040','','','','','Ingeniería de Computación y Sistemas\r',NULL,NULL,NULL,NULL,NULL),(65,'090861E1040','090861','ADM. DE BASE DE DATOS',4,2,0,4,1,'09008905050','','','','','Ingeniería de Computación y Sistemas\r',NULL,NULL,NULL,NULL,NULL),(66,'090205E1040','090205','COMERCIO ELECTRONICO',4,4,0,0,1,'','','','','134 CRED. AP','Ingeniería de Computación y Sistemas\r',NULL,NULL,NULL,NULL,NULL),(67,'090933E1040','090933','GESTION DEL CONOCIMIENTO',4,3,2,0,1,'','','','','150 CRED. AP','Ingeniería de Computación y Sistemas\r',NULL,NULL,NULL,NULL,NULL),(68,'091119E1040','091119','SIST.INTEGRADO DE GESTION',4,4,0,0,1,'09066408040','','','','','Ingeniería de Computación y Sistemas\r',NULL,NULL,NULL,NULL,NULL),(69,'090608E1040','090608','TALLER CREATIVIDAD EMPR.',4,4,0,0,1,'09112107050','','','','','Ingeniería de Computación y Sistemas\r',NULL,NULL,NULL,NULL,NULL),(70,'090675E2040','090675','REDES Y CONECT. I CCNA',4,2,0,4,1,'09127905040','','','','','Ingeniería de Computación y Sistemas\r',NULL,NULL,NULL,NULL,NULL),(71,'090676E2040','090676','REDES Y CONECT. II CCNA',4,2,0,4,1,'090675E2040','','','','','Ingeniería de Computación y Sistemas\r',NULL,NULL,NULL,NULL,NULL),(72,'090677E2040','090677','REDES Y CONECT. III CCNA',4,2,0,4,1,'090676E2040','','','','','Ingeniería de Computación y Sistemas\r',NULL,NULL,NULL,NULL,NULL),(73,'090678E2040','090678','REDES Y CONECT. IV CCNA',4,2,0,4,1,'090677E2040','','','','','Ingeniería de Computación y Sistemas\r',NULL,NULL,NULL,NULL,NULL),(74,'090862E2040','090862','SEGURIDAD INFORMATICA',4,4,0,0,1,'09067909040','','','','','Ingeniería de Computación y Sistemas\r',NULL,NULL,NULL,NULL,NULL),(75,'090658E3040','090658','CALIDAD DE SOFTWARE',4,4,0,0,1,'091124E3040','','','','','Ingeniería de Computación y Sistemas\r',NULL,NULL,NULL,NULL,NULL),(76,'090672E3040','090672','PROGRAMACION II',4,4,0,0,1,'09067106050','','','','','Ingeniería de Computación y Sistemas\r',NULL,NULL,NULL,NULL,NULL),(77,'091124E3040','091124','PRUEBAS DE SOFTWARE',4,4,0,0,1,'09013707050','','','','','Ingeniería de Computación y Sistemas\r',NULL,NULL,NULL,NULL,NULL),(78,'090147E4020','090147','COMPORTAMIENTO ORGANIZAC.',2,2,0,0,1,'09009005040','','','','','Ingeniería de Computación y Sistemas\r',NULL,NULL,NULL,NULL,NULL),(79,'09086300020','090863','GESTION DE LA INNOVACION',2,2,0,0,1,'09054808040','','','','','Ingeniería de Computación y Sistemas\r',NULL,NULL,NULL,NULL,NULL),(80,'09085200030','090852','GESTION DE PROYECTOS-PMI',3,2,2,0,1,'09054808040','','','','','Ingeniería de Computación y Sistemas\r',NULL,NULL,NULL,NULL,NULL),(81,'09061700040','090617','GESTION ESTRATEGICA',4,3,2,0,1,'','','','','120 CRED. AP','Ingeniería de Computación y Sistemas\r',NULL,NULL,NULL,NULL,NULL),(82,'091217E4020','091217','INTROD A LA INV.INFORM.',2,2,0,0,1,'','','','','150 CRED. AP','Ingeniería de Computación y Sistemas\r',NULL,NULL,NULL,NULL,NULL),(83,'09011607040','090116','INVESTIGAC. OPERATIVA II',4,3,2,0,1,'09008506040','','','','','Ingeniería de Computación y Sistemas\r',NULL,NULL,NULL,NULL,NULL),(84,'090659E3040','090659','DESARROLLO DE APLICACIONES I',4,4,0,0,1,'090672E3040','','','','','Ingeniería de Computación y Sistemas\r',NULL,NULL,NULL,NULL,NULL),(85,'090660E3040','090660','DESARROLLO DE APLICACIONES I',4,4,0,0,1,'090659E3040','','','','','Ingeniería de Computación y Sistemas\r',NULL,NULL,NULL,NULL,NULL),(86,'091125E4020','091125','TOPICOS DE COMPUTACION',2,2,0,0,1,'','','','','134 CRED. AP','Ingeniería de Computación y Sistemas\r',NULL,NULL,NULL,NULL,NULL),(87,'091126E4040','091126','DESARROLLO DE JUEGOS',4,4,0,0,1,'09013707050','','','','','Ingeniería de Computación y Sistemas\r',NULL,NULL,NULL,NULL,NULL),(88,'12345','12345','TALLER2',5,1,6,2,0,'','','','','','Departamento Académico',NULL,NULL,NULL,NULL,NULL);
/*!40000 ALTER TABLE `curso` ENABLE KEYS */;
UNLOCK TABLES;

--
-- Table structure for table `det_alum_seccion`
--

DROP TABLE IF EXISTS `det_alum_seccion`;
/*!40101 SET @saved_cs_client     = @@character_set_client */;
/*!40101 SET character_set_client = utf8 */;
CREATE TABLE `det_alum_seccion` (
  `codDas_alum` varchar(12) NOT NULL,
  `codDas_secc` varchar(12) NOT NULL,
  KEY `idDas_alum_idx` (`codDas_alum`),
  KEY `idDas_secc_idx` (`codDas_secc`),
  CONSTRAINT `idDas_alum` FOREIGN KEY (`codDas_alum`) REFERENCES `alumno` (`idalumno`) ON DELETE NO ACTION ON UPDATE NO ACTION,
  CONSTRAINT `idDas_secc` FOREIGN KEY (`codDas_secc`) REFERENCES `seccion` (`idseccion`) ON DELETE NO ACTION ON UPDATE NO ACTION
) ENGINE=InnoDB DEFAULT CHARSET=utf8;
/*!40101 SET character_set_client = @saved_cs_client */;

--
-- Dumping data for table `det_alum_seccion`
--

LOCK TABLES `det_alum_seccion` WRITE;
/*!40000 ALTER TABLE `det_alum_seccion` DISABLE KEYS */;
/*!40000 ALTER TABLE `det_alum_seccion` ENABLE KEYS */;
UNLOCK TABLES;

--
-- Table structure for table `det_asig_aula`
--

DROP TABLE IF EXISTS `det_asig_aula`;
/*!40101 SET @saved_cs_client     = @@character_set_client */;
/*!40101 SET character_set_client = utf8 */;
CREATE TABLE `det_asig_aula` (
  `codDaa_aula` varchar(12) NOT NULL,
  `codDaa_seccion` varchar(12) NOT NULL,
  `disponibilidad` tinyint(4) DEFAULT NULL,
  KEY `idDaa_aula_idx` (`codDaa_aula`),
  KEY `idDaa_secc_idx` (`codDaa_seccion`),
  CONSTRAINT `idDaa_aula` FOREIGN KEY (`codDaa_aula`) REFERENCES `aula` (`idaula`) ON DELETE NO ACTION ON UPDATE NO ACTION,
  CONSTRAINT `idDaa_secc` FOREIGN KEY (`codDaa_seccion`) REFERENCES `seccion` (`idseccion`) ON DELETE NO ACTION ON UPDATE NO ACTION
) ENGINE=InnoDB DEFAULT CHARSET=utf8;
/*!40101 SET character_set_client = @saved_cs_client */;

--
-- Dumping data for table `det_asig_aula`
--

LOCK TABLES `det_asig_aula` WRITE;
/*!40000 ALTER TABLE `det_asig_aula` DISABLE KEYS */;
/*!40000 ALTER TABLE `det_asig_aula` ENABLE KEYS */;
UNLOCK TABLES;

--
-- Table structure for table `det_curso_esc`
--

DROP TABLE IF EXISTS `det_curso_esc`;
/*!40101 SET @saved_cs_client     = @@character_set_client */;
/*!40101 SET character_set_client = utf8 */;
CREATE TABLE `det_curso_esc` (
  `index_curso` int(11) NOT NULL,
  `codDce_curso` varchar(12) NOT NULL,
  `sicat` varchar(12) DEFAULT NULL,
  `codDce_escuela` varchar(12) NOT NULL,
  `idPlan` varchar(12) NOT NULL,
  `codDce_sem` varchar(12) NOT NULL,
  `ciclo` int(11) DEFAULT NULL,
  `cupos` int(11) DEFAULT NULL,
  `matriculados` int(11) DEFAULT NULL,
  `cat_fia` varchar(45) DEFAULT NULL,
  `tipo_fia` varchar(45) DEFAULT NULL,
  `tipo_sunedu` varchar(45) DEFAULT NULL,
  `tipo_pres_virt` varchar(45) DEFAULT NULL,
  `usu_crea_reg` varchar(45) DEFAULT NULL,
  `fec_crea_reg` datetime DEFAULT NULL,
  `ult_usu_mod_reg` varchar(45) DEFAULT NULL,
  `dec_ult_mod_reg` datetime DEFAULT NULL,
  `det_curso_esccol` varchar(45) DEFAULT NULL,
  `estado` tinyint(1) DEFAULT '0',
  `creditos` int(11) DEFAULT '0',
  `h_teo` int(11) DEFAULT '0',
  `h_lab` int(11) DEFAULT '0',
  `h_pract` int(11) DEFAULT '0',
  PRIMARY KEY (`index_curso`,`codDce_curso`,`codDce_escuela`,`idPlan`,`codDce_sem`),
  KEY `idDce_esc_idx` (`codDce_escuela`),
  KEY `idSem_idx` (`codDce_sem`),
  KEY `idpla` (`idPlan`),
  CONSTRAINT `idesc` FOREIGN KEY (`codDce_escuela`) REFERENCES `escuela` (`idescuela`) ON DELETE NO ACTION ON UPDATE NO ACTION,
  CONSTRAINT `idpla` FOREIGN KEY (`idPlan`) REFERENCES `plan_curricular` (`idPlan`) ON DELETE NO ACTION ON UPDATE NO ACTION,
  CONSTRAINT `idsem` FOREIGN KEY (`codDce_sem`) REFERENCES `semestre` (`idSemestre`) ON DELETE NO ACTION ON UPDATE NO ACTION,
  CONSTRAINT `pk_det_cur_esc` FOREIGN KEY (`index_curso`, `codDce_curso`) REFERENCES `curso` (`index_curso`, `idcurso`) ON DELETE CASCADE ON UPDATE CASCADE
) ENGINE=InnoDB DEFAULT CHARSET=utf8;
/*!40101 SET character_set_client = @saved_cs_client */;

--
-- Dumping data for table `det_curso_esc`
--

LOCK TABLES `det_curso_esc` WRITE;
/*!40000 ALTER TABLE `det_curso_esc` DISABLE KEYS */;
INSERT INTO `det_curso_esc` VALUES (1,'TR000501010','090005','101','1','4',1,50,0,'humanidades','obligatorio','general','PRESENCIAL','','0000-00-00 00:00:00','','0000-00-00 00:00:00','',1,1,1,0,2),(1,'TR000501010','090005','101','2','5',1,50,0,'humanidades','obligatorio','general','PRESENCIAL','','0000-00-00 00:00:00','','0000-00-00 00:00:00','',1,2,3,0,2),(1,'TR000501010','090005','101','3','6',1,50,0,'humanidades','obligatorio','general','PRESENCIAL','','0000-00-00 00:00:00','','0000-00-00 00:00:00','',1,2,3,0,2),(2,'09000301030','090003','101','1','4',1,50,0,'humanidades','obligatorio','general','PRESENCIAL','','0000-00-00 00:00:00','','0000-00-00 00:00:00','',1,3,3,0,0),(2,'09000301030','090003','101','2','5',1,50,0,'humanidades','obligatorio','general','PRESENCIAL','','0000-00-00 00:00:00','','0000-00-00 00:00:00','',1,3,3,0,0),(2,'09000301030','090003','101','3','6',1,50,0,'humanidades','obligatorio','general','PRESENCIAL','','0000-00-00 00:00:00','','0000-00-00 00:00:00','',1,3,3,0,0),(3,'09066301040','090663','101','1','4',1,50,0,'matematicas y ciencias','obligatorio','general','PRESENCIAL','','0000-00-00 00:00:00','','0000-00-00 00:00:00','',1,4,3,2,3),(3,'09066301040','090663','101','2','5',1,50,0,'matematicas y ciencias','obligatorio','general','PRESENCIAL','','0000-00-00 00:00:00','','0000-00-00 00:00:00','',1,4,3,2,3),(3,'09066301040','090663','101','3','6',1,50,0,'matematicas y ciencias','obligatorio','general','PRESENCIAL','','0000-00-00 00:00:00','','0000-00-00 00:00:00','',1,4,3,2,3),(4,'TR000101010','090971','101','1','4',1,50,0,'humanidades','obligatorio','general','VIRTUAL','','0000-00-00 00:00:00','','0000-00-00 00:00:00','',1,1,0,2,0),(4,'TR000101010','090971','101','2','5',1,50,0,'humanidades','obligatorio','general','VIRTUAL','','0000-00-00 00:00:00','','0000-00-00 00:00:00','',1,1,0,2,0),(4,'TR000101010','090971','101','3','6',1,50,0,'humanidades','obligatorio','general','VIRTUAL','','0000-00-00 00:00:00','','0000-00-00 00:00:00','',1,1,0,2,0),(5,'09066201020','090662','101','1','4',1,50,0,'matematicas y ciencias','obligatorio','especifico','PRESENCIAL','','0000-00-00 00:00:00','','0000-00-00 00:00:00','',1,2,1,2,0),(5,'09066201020','090662','101','2','5',1,50,0,'matematicas y ciencias','obligatorio','especifico','PRESENCIAL','','0000-00-00 00:00:00','','0000-00-00 00:00:00','',1,2,1,2,0),(5,'09066201020','090662','101','3','6',1,50,0,'matematicas y ciencias','obligatorio','especifico','PRESENCIAL','','0000-00-00 00:00:00','','0000-00-00 00:00:00','',1,2,1,2,0),(6,'09000201020','090002','101','1','4',1,50,0,'humanidades','obligatorio','general','PRESENCIAL','','0000-00-00 00:00:00','','0000-00-00 00:00:00','',1,2,1,2,0),(6,'09000201020','090002','101','2','5',1,50,0,'humanidades','obligatorio','general','PRESENCIAL','','0000-00-00 00:00:00','','0000-00-00 00:00:00','',1,2,1,2,0),(6,'09000201020','090002','101','3','6',1,50,0,'humanidades','obligatorio','general','PRESENCIAL','','0000-00-00 00:00:00','','0000-00-00 00:00:00','',1,2,1,2,0),(7,'09066801051','090668','101','1','4',1,50,0,'matematicas y ciencias','obligatorio','general','PRESENCIAL','','0000-00-00 00:00:00','','0000-00-00 00:00:00','',1,5,4,2,0),(7,'09066801051','090668','101','2','5',1,50,0,'matematicas y ciencias','obligatorio','general','PRESENCIAL','','0000-00-00 00:00:00','','0000-00-00 00:00:00','',1,5,4,2,0),(7,'09066801051','090668','101','3','6',1,50,0,'matematicas y ciencias','obligatorio','general','PRESENCIAL','','0000-00-00 00:00:00','','0000-00-00 00:00:00','',1,5,4,2,0),(8,'09071001020','090710','101','1','4',1,50,0,'humanidades','obligatorio','general','PRESENCIAL','','0000-00-00 00:00:00','','0000-00-00 00:00:00','',1,2,1,2,0),(8,'09071001020','090710','101','2','5',1,50,0,'humanidades','obligatorio','general','PRESENCIAL','','0000-00-00 00:00:00','','0000-00-00 00:00:00','',1,2,1,2,0),(8,'09071001020','090710','101','3','6',1,50,0,'humanidades','obligatorio','general','PRESENCIAL','','0000-00-00 00:00:00','','0000-00-00 00:00:00','',1,2,1,2,0),(9,'09070901030','090709','101','1','4',1,50,0,'humanidades','obligatorio','general','PRESENCIAL','','0000-00-00 00:00:00','','0000-00-00 00:00:00','',1,3,3,0,0),(9,'09070901030','090709','101','2','5',1,50,0,'humanidades','obligatorio','general','PRESENCIAL','','0000-00-00 00:00:00','','0000-00-00 00:00:00','',1,3,3,0,0),(9,'09070901030','090709','101','3','6',1,50,0,'humanidades','obligatorio','general','PRESENCIAL','','0000-00-00 00:00:00','','0000-00-00 00:00:00','',1,3,3,0,0),(10,'TR000602010','090020','101','1','4',2,50,0,'humanidades','obligatorio','general','PRESENCIAL','','0000-00-00 00:00:00','','0000-00-00 00:00:00','',1,1,0,2,0),(10,'TR000602010','090020','101','2','5',2,50,0,'humanidades','obligatorio','general','PRESENCIAL','','0000-00-00 00:00:00','','0000-00-00 00:00:00','',1,1,0,2,0),(10,'TR000602010','090020','101','3','6',2,50,0,'humanidades','obligatorio','general','PRESENCIAL','','0000-00-00 00:00:00','','0000-00-00 00:00:00','',1,1,0,2,0),(11,'09036602050','090366','101','1','4',2,50,0,'matematicas y ciencias','obligatorio','general','PRESENCIAL','','0000-00-00 00:00:00','','0000-00-00 00:00:00','',1,5,4,2,0),(11,'09036602050','090366','101','2','5',2,50,0,'matematicas y ciencias','obligatorio','general','PRESENCIAL','','0000-00-00 00:00:00','','0000-00-00 00:00:00','',1,5,4,2,0),(11,'09036602050','090366','101','3','6',2,50,0,'matematicas y ciencias','obligatorio','general','PRESENCIAL','','0000-00-00 00:00:00','','0000-00-00 00:00:00','',1,5,4,2,0),(12,'09065502050','090655','101','1','4',2,50,0,'metodos cuantitativos','obligatorio','general','PRESENCIAL','','0000-00-00 00:00:00','','0000-00-00 00:00:00','',1,5,4,2,0),(12,'09065502050','090655','101','2','5',2,50,0,'metodos cuantitativos','obligatorio','general','PRESENCIAL','','0000-00-00 00:00:00','','0000-00-00 00:00:00','',1,5,4,2,0),(12,'09065502050','090655','101','3','6',2,50,0,'metodos cuantitativos','obligatorio','general','PRESENCIAL','','0000-00-00 00:00:00','','0000-00-00 00:00:00','',1,5,4,2,0),(13,'09066502031','090665','101','1','4',2,50,0,'ingenieria de software','obligatorio','especifico','PRESENCIAL','','0000-00-00 00:00:00','','0000-00-00 00:00:00','',1,3,2,2,0),(13,'09066502031','090665','101','2','5',2,50,0,'ingenieria de software','obligatorio','especifico','PRESENCIAL','','0000-00-00 00:00:00','','0000-00-00 00:00:00','',1,3,2,2,0),(13,'09066502031','090665','101','3','6',2,50,0,'ingenieria de software','obligatorio','especifico','PRESENCIAL','','0000-00-00 00:00:00','','0000-00-00 00:00:00','',1,3,2,2,0),(14,'TR000202010','091155','101','1','4',2,50,0,'humanidades','obligatorio','general','VIRTUAL','','0000-00-00 00:00:00','','0000-00-00 00:00:00','',1,1,0,2,0),(14,'TR000202010','091155','101','2','5',2,50,0,'humanidades','obligatorio','general','VIRTUAL','','0000-00-00 00:00:00','','0000-00-00 00:00:00','',1,1,0,2,0),(14,'TR000202010','091155','101','3','6',2,50,0,'humanidades','obligatorio','general','VIRTUAL','','0000-00-00 00:00:00','','0000-00-00 00:00:00','',1,1,0,2,0),(15,'09127402030','091274','101','1','4',2,50,0,'humanidades','obligatorio','general','PRESENCIAL','','0000-00-00 00:00:00','','0000-00-00 00:00:00','',1,3,2,2,0),(15,'09127402030','091274','101','2','5',2,50,0,'humanidades','obligatorio','general','PRESENCIAL','','0000-00-00 00:00:00','','0000-00-00 00:00:00','',1,3,2,2,0),(15,'09127402030','091274','101','3','6',2,50,0,'humanidades','obligatorio','general','PRESENCIAL','','0000-00-00 00:00:00','','0000-00-00 00:00:00','',1,3,2,2,0),(16,'09111402050','091114','101','1','4',2,50,0,'humanidades','obligatorio','especifico','PRESENCIAL','','0000-00-00 00:00:00','','0000-00-00 00:00:00','',1,5,3,1,3),(16,'09111402050','091114','101','2','5',2,50,0,'humanidades','obligatorio','especifico','PRESENCIAL','','0000-00-00 00:00:00','','0000-00-00 00:00:00','',1,5,3,1,3),(16,'09111402050','091114','101','3','6',2,50,0,'humanidades','obligatorio','especifico','PRESENCIAL','','0000-00-00 00:00:00','','0000-00-00 00:00:00','',1,5,3,1,3),(18,'09005303050','090053','101','1','4',3,50,0,'humanidades','obligatorio','especifico','PRESENCIAL','','0000-00-00 00:00:00','','0000-00-00 00:00:00','',1,5,3,1,3),(18,'09005303050','090053','101','2','5',3,50,0,'humanidades','obligatorio','especifico','PRESENCIAL','','0000-00-00 00:00:00','','0000-00-00 00:00:00','',1,5,3,1,3),(18,'09005303050','090053','101','3','6',3,50,0,'humanidades','obligatorio','especifico','PRESENCIAL','','0000-00-00 00:00:00','','0000-00-00 00:00:00','',1,5,3,1,3),(19,'09005403040','090054','101','1','4',3,50,0,'humanidades','obligatorio','general','PRESENCIAL','','0000-00-00 00:00:00','','0000-00-00 00:00:00','',1,4,3,2,0),(19,'09005403040','090054','101','2','5',3,50,0,'humanidades','obligatorio','general','PRESENCIAL','','0000-00-00 00:00:00','','0000-00-00 00:00:00','',1,4,3,2,0),(19,'09005403040','090054','101','3','6',3,50,0,'humanidades','obligatorio','general','PRESENCIAL','','0000-00-00 00:00:00','','0000-00-00 00:00:00','',1,4,3,2,0),(20,'09005603050','090056','101','1','4',3,50,0,'humanidades','obligatorio','general','PRESENCIAL','','0000-00-00 00:00:00','','0000-00-00 00:00:00','',1,5,3,2,2),(20,'09005603050','090056','101','2','5',3,50,0,'humanidades','obligatorio','general','PRESENCIAL','','0000-00-00 00:00:00','','0000-00-00 00:00:00','',1,5,3,2,2),(20,'09005603050','090056','101','3','6',3,50,0,'humanidades','obligatorio','general','PRESENCIAL','','0000-00-00 00:00:00','','0000-00-00 00:00:00','',1,5,3,2,2),(24,'09127603030','091276','101','1','4',3,50,0,'humanidades','obligatorio','especifico','PRESENCIAL','','0000-00-00 00:00:00','','0000-00-00 00:00:00','',1,3,2,2,0),(24,'09127603030','091276','101','2','5',3,50,0,'humanidades','obligatorio','especifico','PRESENCIAL','','0000-00-00 00:00:00','','0000-00-00 00:00:00','',1,3,2,2,0),(24,'09127603030','091276','101','3','6',3,50,0,'humanidades','obligatorio','especifico','PRESENCIAL','','0000-00-00 00:00:00','','0000-00-00 00:00:00','',1,3,2,2,0),(25,'09111503050','091115','101','1','4',3,50,0,'humanidades','obligatorio','especifico','PRESENCIAL','','0000-00-00 00:00:00','','0000-00-00 00:00:00','',1,5,4,0,2),(25,'09111503050','091115','101','2','5',3,50,0,'humanidades','obligatorio','especifico','PRESENCIAL','','0000-00-00 00:00:00','','0000-00-00 00:00:00','',1,5,4,0,2),(25,'09111503050','091115','101','3','6',3,50,0,'humanidades','obligatorio','especifico','PRESENCIAL','','0000-00-00 00:00:00','','0000-00-00 00:00:00','',1,5,4,0,2),(26,'09006904050','090069','101','1','4',4,50,0,'humanidades','obligatorio','especifico','PRESENCIAL','','0000-00-00 00:00:00','','0000-00-00 00:00:00','',1,5,3,1,3),(26,'09006904050','090069','101','2','5',4,50,0,'humanidades','obligatorio','especifico','PRESENCIAL','','0000-00-00 00:00:00','','0000-00-00 00:00:00','',1,5,3,1,3),(26,'09006904050','090069','101','3','6',4,50,0,'humanidades','obligatorio','especifico','PRESENCIAL','','0000-00-00 00:00:00','','0000-00-00 00:00:00','',1,5,3,1,3),(27,'09006004040','090060','101','1','4',4,50,0,'humanidades','obligatorio','general','PRESENCIAL','','0000-00-00 00:00:00','','0000-00-00 00:00:00','',1,4,3,2,0),(27,'09006004040','090060','101','2','5',4,50,0,'humanidades','obligatorio','general','PRESENCIAL','','0000-00-00 00:00:00','','0000-00-00 00:00:00','',1,4,3,2,0),(27,'09006004040','090060','101','3','6',4,50,0,'humanidades','obligatorio','general','PRESENCIAL','','0000-00-00 00:00:00','','0000-00-00 00:00:00','',1,4,3,2,0),(28,'09007404050','090074','101','1','4',4,50,0,'humanidades','obligatorio','general','PRESENCIAL','','0000-00-00 00:00:00','','0000-00-00 00:00:00','',1,5,3,2,2),(28,'09007404050','090074','101','2','5',4,50,0,'humanidades','obligatorio','general','PRESENCIAL','','0000-00-00 00:00:00','','0000-00-00 00:00:00','',1,5,3,2,2),(28,'09007404050','090074','101','3','6',4,50,0,'humanidades','obligatorio','general','PRESENCIAL','','0000-00-00 00:00:00','','0000-00-00 00:00:00','',1,5,3,2,2),(32,'09007704040','090077','101','1','4',4,50,0,'humanidades','obligatorio','general','PRESENCIAL','','0000-00-00 00:00:00','','0000-00-00 00:00:00','',1,4,3,2,0),(32,'09007704040','090077','101','2','5',4,50,0,'humanidades','obligatorio','general','PRESENCIAL','','0000-00-00 00:00:00','','0000-00-00 00:00:00','',1,4,3,2,0),(32,'09007704040','090077','101','3','6',4,50,0,'humanidades','obligatorio','general','PRESENCIAL','','0000-00-00 00:00:00','','0000-00-00 00:00:00','',1,4,3,2,0),(33,'09114904040','091149','101','1','4',4,50,0,'humanidades','obligatorio','especifico','PRESENCIAL','','0000-00-00 00:00:00','','0000-00-00 00:00:00','',1,4,3,0,2),(33,'09114904040','091149','101','2','5',4,50,0,'humanidades','obligatorio','especifico','PRESENCIAL','','0000-00-00 00:00:00','','0000-00-00 00:00:00','',1,4,3,0,2),(33,'09114904040','091149','101','3','6',4,50,0,'humanidades','obligatorio','especifico','PRESENCIAL','','0000-00-00 00:00:00','','0000-00-00 00:00:00','',1,4,3,0,2),(34,'09012205043','090122','101','1','4',5,50,0,'humanidades','obligatorio','general','PRESENCIAL','','0000-00-00 00:00:00','','0000-00-00 00:00:00','',1,4,3,2,0),(34,'09012205043','090122','101','2','5',5,50,0,'humanidades','obligatorio','general','PRESENCIAL','','0000-00-00 00:00:00','','0000-00-00 00:00:00','',1,4,3,2,0),(34,'09012205043','090122','101','3','6',5,50,0,'humanidades','obligatorio','general','PRESENCIAL','','0000-00-00 00:00:00','','0000-00-00 00:00:00','',1,4,3,2,0),(35,'09093205051','090932','101','1','4',5,50,0,'humanidades','obligatorio','especifico','PRESENCIAL','','0000-00-00 00:00:00','','0000-00-00 00:00:00','',1,5,4,0,2),(35,'09093205051','090932','101','2','5',5,50,0,'humanidades','obligatorio','especifico','PRESENCIAL','','0000-00-00 00:00:00','','0000-00-00 00:00:00','',1,5,4,0,2),(35,'09093205051','090932','101','3','6',5,50,0,'humanidades','obligatorio','especifico','PRESENCIAL','','0000-00-00 00:00:00','','0000-00-00 00:00:00','',1,5,4,0,2),(36,'09009005040','090090','101','1','4',5,50,0,'humanidades','obligatorio','general','PRESENCIAL','','0000-00-00 00:00:00','','0000-00-00 00:00:00','',1,4,3,2,0),(36,'09009005040','090090','101','2','5',5,50,0,'humanidades','obligatorio','general','PRESENCIAL','','0000-00-00 00:00:00','','0000-00-00 00:00:00','',1,4,3,2,0),(36,'09009005040','090090','101','3','6',5,50,0,'humanidades','obligatorio','general','PRESENCIAL','','0000-00-00 00:00:00','','0000-00-00 00:00:00','',1,4,3,2,0),(39,'09127905040','091279','101','1','4',5,50,0,'humanidades','obligatorio','especifico','PRESENCIAL','','0000-00-00 00:00:00','','0000-00-00 00:00:00','',1,4,3,0,2),(39,'09127905040','091279','101','2','5',5,50,0,'humanidades','obligatorio','especifico','PRESENCIAL','','0000-00-00 00:00:00','','0000-00-00 00:00:00','',1,4,3,0,2),(39,'09127905040','091279','101','3','6',5,50,0,'humanidades','obligatorio','especifico','PRESENCIAL','','0000-00-00 00:00:00','','0000-00-00 00:00:00','',1,4,3,0,2),(40,'09008905050','090089','101','1','4',5,50,0,'humanidades','obligatorio','especifico','PRESENCIAL','','0000-00-00 00:00:00','','0000-00-00 00:00:00','',1,5,3,1,3),(40,'09008905050','090089','101','2','5',5,50,0,'humanidades','obligatorio','especifico','PRESENCIAL','','0000-00-00 00:00:00','','0000-00-00 00:00:00','',1,5,3,1,3),(40,'09008905050','090089','101','3','6',5,50,0,'humanidades','obligatorio','especifico','PRESENCIAL','','0000-00-00 00:00:00','','0000-00-00 00:00:00','',1,5,3,1,3),(41,'09013106041','090131','101','1','4',6,50,0,'humanidades','obligatorio','especifico','PRESENCIAL','','0000-00-00 00:00:00','','0000-00-00 00:00:00','',1,4,3,2,0),(41,'09013106041','090131','101','2','5',6,50,0,'humanidades','obligatorio','especifico','PRESENCIAL','','0000-00-00 00:00:00','','0000-00-00 00:00:00','',1,4,3,2,0),(41,'09013106041','090131','101','3','6',6,50,0,'humanidades','obligatorio','especifico','PRESENCIAL','','0000-00-00 00:00:00','','0000-00-00 00:00:00','',1,4,3,2,0),(42,'09011906050','090119','101','1','4',6,50,0,'humanidades','obligatorio','especifico','PRESENCIAL','','0000-00-00 00:00:00','','0000-00-00 00:00:00','',1,5,3,2,2),(42,'09011906050','090119','101','2','5',6,50,0,'humanidades','obligatorio','especifico','PRESENCIAL','','0000-00-00 00:00:00','','0000-00-00 00:00:00','',1,5,3,2,2),(42,'09011906050','090119','101','3','6',6,50,0,'humanidades','obligatorio','especifico','PRESENCIAL','','0000-00-00 00:00:00','','0000-00-00 00:00:00','',1,5,3,2,2),(43,'09008506040','090085','101','1','4',6,50,0,'humanidades','obligatorio','especifico','PRESENCIAL','','0000-00-00 00:00:00','','0000-00-00 00:00:00','',1,4,3,2,0),(43,'09008506040','090085','101','2','5',6,50,0,'humanidades','obligatorio','especifico','PRESENCIAL','','0000-00-00 00:00:00','','0000-00-00 00:00:00','',1,4,3,2,0),(43,'09008506040','090085','101','3','6',6,50,0,'humanidades','obligatorio','especifico','PRESENCIAL','','0000-00-00 00:00:00','','0000-00-00 00:00:00','',1,4,3,2,0),(46,'09067106050','090671','101','1','4',6,50,0,'humanidades','obligatorio','especifico','PRESENCIAL','','0000-00-00 00:00:00','','0000-00-00 00:00:00','',1,5,3,0,4),(46,'09067106050','090671','101','2','5',6,50,0,'humanidades','obligatorio','especifico','PRESENCIAL','','0000-00-00 00:00:00','','0000-00-00 00:00:00','',1,5,3,0,4),(46,'09067106050','090671','101','3','6',6,50,0,'humanidades','obligatorio','especifico','PRESENCIAL','','0000-00-00 00:00:00','','0000-00-00 00:00:00','',1,5,3,0,4),(47,'09008806040','090088','101','1','4',6,50,0,'humanidades','obligatorio','especifico','PRESENCIAL','','0000-00-00 00:00:00','','0000-00-00 00:00:00','',1,4,4,0,0),(47,'09008806040','090088','101','2','5',6,50,0,'humanidades','obligatorio','especifico','PRESENCIAL','','0000-00-00 00:00:00','','0000-00-00 00:00:00','',1,4,4,0,0),(47,'09008806040','090088','101','3','6',6,50,0,'humanidades','obligatorio','especifico','PRESENCIAL','','0000-00-00 00:00:00','','0000-00-00 00:00:00','',1,4,4,0,0),(48,'09014507040','090145','101','1','4',7,50,0,'humanidades','obligatorio','especifico','PRESENCIAL','','0000-00-00 00:00:00','','0000-00-00 00:00:00','',1,4,3,2,0),(48,'09014507040','090145','101','2','5',7,50,0,'humanidades','obligatorio','especifico','PRESENCIAL','','0000-00-00 00:00:00','','0000-00-00 00:00:00','',1,4,3,2,0),(48,'09014507040','090145','101','3','6',7,50,0,'humanidades','obligatorio','especifico','PRESENCIAL','','0000-00-00 00:00:00','','0000-00-00 00:00:00','',1,4,3,2,0),(49,'09013707050','090137','101','1','4',7,50,0,'humanidades','obligatorio','especifico','PRESENCIAL','','0000-00-00 00:00:00','','0000-00-00 00:00:00','',1,5,3,1,3),(49,'09013707050','090137','101','2','5',7,50,0,'humanidades','obligatorio','especifico','PRESENCIAL','','0000-00-00 00:00:00','','0000-00-00 00:00:00','',1,5,3,1,3),(49,'09013707050','090137','101','3','6',7,50,0,'humanidades','obligatorio','especifico','PRESENCIAL','','0000-00-00 00:00:00','','0000-00-00 00:00:00','',1,5,3,1,3),(50,'09066607040','090666','101','1','4',7,50,0,'humanidades','obligatorio','especifico','PRESENCIAL','','0000-00-00 00:00:00','','0000-00-00 00:00:00','',1,4,4,0,0),(50,'09066607040','090666','101','2','5',7,50,0,'humanidades','obligatorio','especifico','PRESENCIAL','','0000-00-00 00:00:00','','0000-00-00 00:00:00','',1,4,4,0,0),(50,'09066607040','090666','101','3','6',7,50,0,'humanidades','obligatorio','especifico','PRESENCIAL','','0000-00-00 00:00:00','','0000-00-00 00:00:00','',1,4,4,0,0),(52,'09112107050','091121','101','1','4',7,50,0,'humanidades','obligatorio','especifico','PRESENCIAL','','0000-00-00 00:00:00','','0000-00-00 00:00:00','',1,5,0,10,0),(52,'09112107050','091121','101','2','5',7,50,0,'humanidades','obligatorio','especifico','PRESENCIAL','','0000-00-00 00:00:00','','0000-00-00 00:00:00','',1,5,0,10,0),(52,'09112107050','091121','101','3','6',7,50,0,'humanidades','obligatorio','especifico','PRESENCIAL','','0000-00-00 00:00:00','','0000-00-00 00:00:00','',1,5,0,10,0),(53,'09128808040','091288','101','1','4',8,50,0,'humanidades','obligatorio','especifico','PRESENCIAL','','0000-00-00 00:00:00','','0000-00-00 00:00:00','',1,4,4,0,0),(53,'09128808040','091288','101','2','5',8,50,0,'humanidades','obligatorio','especifico','PRESENCIAL','','0000-00-00 00:00:00','','0000-00-00 00:00:00','',1,4,4,0,0),(53,'09128808040','091288','101','3','6',8,50,0,'humanidades','obligatorio','especifico','PRESENCIAL','','0000-00-00 00:00:00','','0000-00-00 00:00:00','',1,4,4,0,0),(54,'09072108040','090721','101','1','4',8,50,0,'humanidades','obligatorio','especifico','PRESENCIAL','','0000-00-00 00:00:00','','0000-00-00 00:00:00','',1,4,3,2,0),(54,'09072108040','090721','101','2','5',8,50,0,'humanidades','obligatorio','especifico','PRESENCIAL','','0000-00-00 00:00:00','','0000-00-00 00:00:00','',1,4,3,2,0),(54,'09072108040','090721','101','3','6',8,50,0,'humanidades','obligatorio','especifico','PRESENCIAL','','0000-00-00 00:00:00','','0000-00-00 00:00:00','',1,4,3,2,0),(55,'09054808040','090548','101','1','4',8,50,0,'humanidades','obligatorio','especifico','PRESENCIAL','','0000-00-00 00:00:00','','0000-00-00 00:00:00','',1,4,4,0,0),(55,'09054808040','090548','101','2','5',8,50,0,'humanidades','obligatorio','especifico','PRESENCIAL','','0000-00-00 00:00:00','','0000-00-00 00:00:00','',1,4,4,0,0),(55,'09054808040','090548','101','3','6',8,50,0,'humanidades','obligatorio','especifico','PRESENCIAL','','0000-00-00 00:00:00','','0000-00-00 00:00:00','',1,4,4,0,0),(56,'09066408040','090664','101','1','4',8,50,0,'humanidades','obligatorio','especifico','PRESENCIAL','','0000-00-00 00:00:00','','0000-00-00 00:00:00','',1,4,4,0,0),(56,'09066408040','090664','101','2','5',8,50,0,'humanidades','obligatorio','especifico','PRESENCIAL','','0000-00-00 00:00:00','','0000-00-00 00:00:00','',1,4,4,0,0),(56,'09066408040','090664','101','3','6',8,50,0,'humanidades','obligatorio','especifico','PRESENCIAL','','0000-00-00 00:00:00','','0000-00-00 00:00:00','',1,4,4,0,0),(57,'09093409040','090934','101','1','4',9,50,0,'humanidades','obligatorio','especifico','PRESENCIAL','','0000-00-00 00:00:00','','0000-00-00 00:00:00','',1,4,4,0,0),(57,'09093409040','090934','101','2','5',9,50,0,'humanidades','obligatorio','especifico','PRESENCIAL','','0000-00-00 00:00:00','','0000-00-00 00:00:00','',1,4,4,0,0),(57,'09093409040','090934','101','3','6',9,50,0,'humanidades','obligatorio','especifico','PRESENCIAL','','0000-00-00 00:00:00','','0000-00-00 00:00:00','',1,4,4,0,0),(58,'09066700021','090667','101','1','4',9,50,0,'humanidades','obligatorio','especifico','PRESENCIAL','','0000-00-00 00:00:00','','0000-00-00 00:00:00','',1,2,1,2,0),(58,'09066700021','090667','101','2','5',9,50,0,'humanidades','obligatorio','especifico','PRESENCIAL','','0000-00-00 00:00:00','','0000-00-00 00:00:00','',1,2,1,2,0),(58,'09066700021','090667','101','3','6',9,50,0,'humanidades','obligatorio','especifico','PRESENCIAL','','0000-00-00 00:00:00','','0000-00-00 00:00:00','',1,2,1,2,0),(59,'09067009040','090670','101','1','4',9,50,0,'humanidades','obligatorio','especifico','PRESENCIAL','','0000-00-00 00:00:00','','0000-00-00 00:00:00','',1,4,4,0,0),(59,'09067009040','090670','101','2','5',9,50,0,'humanidades','obligatorio','especifico','PRESENCIAL','','0000-00-00 00:00:00','','0000-00-00 00:00:00','',1,4,4,0,0),(59,'09067009040','090670','101','3','6',9,50,0,'humanidades','obligatorio','especifico','PRESENCIAL','','0000-00-00 00:00:00','','0000-00-00 00:00:00','',1,4,4,0,0),(60,'09067309040','090673','101','1','4',9,50,0,'humanidades','obligatorio','especifico','PRESENCIAL','','0000-00-00 00:00:00','','0000-00-00 00:00:00','',1,4,4,0,0),(60,'09067309040','090673','101','2','5',9,50,0,'humanidades','obligatorio','especifico','PRESENCIAL','','0000-00-00 00:00:00','','0000-00-00 00:00:00','',1,4,4,0,0),(60,'09067309040','090673','101','3','6',9,50,0,'humanidades','obligatorio','especifico','PRESENCIAL','','0000-00-00 00:00:00','','0000-00-00 00:00:00','',1,4,4,0,0),(61,'09067909040','090679','101','1','4',9,50,0,'humanidades','obligatorio','especifico','PRESENCIAL','','0000-00-00 00:00:00','','0000-00-00 00:00:00','',1,4,3,2,0),(61,'09067909040','090679','101','2','5',9,50,0,'humanidades','obligatorio','especifico','PRESENCIAL','','0000-00-00 00:00:00','','0000-00-00 00:00:00','',1,4,3,2,0),(61,'09067909040','090679','101','3','6',9,50,0,'humanidades','obligatorio','especifico','PRESENCIAL','','0000-00-00 00:00:00','','0000-00-00 00:00:00','',1,4,3,2,0),(62,'09003410022','090034','101','1','4',10,50,0,'humanidades','obligatorio','especifico','PRESENCIAL','','0000-00-00 00:00:00','','0000-00-00 00:00:00','',1,2,1,2,0),(62,'09003410022','090034','101','2','5',10,50,0,'humanidades','obligatorio','especifico','PRESENCIAL','','0000-00-00 00:00:00','','0000-00-00 00:00:00','',1,2,1,2,0),(62,'09003410022','090034','101','3','6',10,50,0,'humanidades','obligatorio','especifico','PRESENCIAL','','0000-00-00 00:00:00','','0000-00-00 00:00:00','',1,2,1,2,0),(63,'09134910040','091349','101','1','4',10,50,0,'humanidades','obligatorio','especifico','PRESENCIAL','','0000-00-00 00:00:00','','0000-00-00 00:00:00','',1,4,4,0,0),(63,'09134910040','091349','101','2','5',10,50,0,'humanidades','obligatorio','especifico','PRESENCIAL','','0000-00-00 00:00:00','','0000-00-00 00:00:00','',1,4,4,0,0),(63,'09134910040','091349','101','3','6',10,50,0,'humanidades','obligatorio','especifico','PRESENCIAL','','0000-00-00 00:00:00','','0000-00-00 00:00:00','',1,4,4,0,0),(64,'09007010040','090070','101','1','4',10,50,0,'humanidades','obligatorio','especifico','PRESENCIAL','','0000-00-00 00:00:00','','0000-00-00 00:00:00','',1,4,4,0,0),(64,'09007010040','090070','101','2','5',10,50,0,'humanidades','obligatorio','especifico','PRESENCIAL','','0000-00-00 00:00:00','','0000-00-00 00:00:00','',1,4,4,0,0),(64,'09007010040','090070','101','3','6',10,50,0,'humanidades','obligatorio','especifico','PRESENCIAL','','0000-00-00 00:00:00','','0000-00-00 00:00:00','',1,4,4,0,0),(65,'090861E1040','090861','101','1','4',11,50,0,'ingenieria de software','electivo','especifico','PRESENCIAL','','0000-00-00 00:00:00','','0000-00-00 00:00:00','',1,4,2,0,4),(65,'090861E1040','090861','101','2','5',11,50,0,'ingenieria de software','electivo','especifico','PRESENCIAL','','0000-00-00 00:00:00','','0000-00-00 00:00:00','',1,4,2,0,4),(65,'090861E1040','090861','101','3','6',11,50,0,'ingenieria de software','electivo','especifico','PRESENCIAL','','0000-00-00 00:00:00','','0000-00-00 00:00:00','',1,4,2,0,4),(66,'090205E1040','090205','101','1','4',11,50,0,'ingenieria de software','electivo','especifico','PRESENCIAL','','0000-00-00 00:00:00','','0000-00-00 00:00:00','',1,4,4,0,0),(66,'090205E1040','090205','101','2','5',11,50,0,'ingenieria de software','electivo','especifico','PRESENCIAL','','0000-00-00 00:00:00','','0000-00-00 00:00:00','',1,4,4,0,0),(66,'090205E1040','090205','101','3','6',11,50,0,'ingenieria de software','electivo','especifico','PRESENCIAL','','0000-00-00 00:00:00','','0000-00-00 00:00:00','',1,4,4,0,0),(67,'090933E1040','090933','101','1','4',11,50,0,'ingenieria de software','electivo','especifico','PRESENCIAL','','0000-00-00 00:00:00','','0000-00-00 00:00:00','',1,4,3,2,0),(67,'090933E1040','090933','101','2','5',11,50,0,'ingenieria de software','electivo','especifico','PRESENCIAL','','0000-00-00 00:00:00','','0000-00-00 00:00:00','',1,4,3,2,0),(67,'090933E1040','090933','101','3','6',11,50,0,'ingenieria de software','electivo','especifico','PRESENCIAL','','0000-00-00 00:00:00','','0000-00-00 00:00:00','',1,4,3,2,0),(68,'091119E1040','091119','101','1','4',11,50,0,'ingenieria de software','electivo','especifico','PRESENCIAL','','0000-00-00 00:00:00','','0000-00-00 00:00:00','',1,4,4,0,0),(68,'091119E1040','091119','101','2','5',11,50,0,'ingenieria de software','electivo','especifico','PRESENCIAL','','0000-00-00 00:00:00','','0000-00-00 00:00:00','',1,4,4,0,0),(68,'091119E1040','091119','101','3','6',11,50,0,'ingenieria de software','electivo','especifico','PRESENCIAL','','0000-00-00 00:00:00','','0000-00-00 00:00:00','',1,4,4,0,0),(69,'090608E1040','090608','101','1','4',11,50,0,'ingenieria de software','electivo','especifico','PRESENCIAL','','0000-00-00 00:00:00','','0000-00-00 00:00:00','',1,4,4,0,0),(69,'090608E1040','090608','101','2','5',11,50,0,'ingenieria de software','electivo','especifico','PRESENCIAL','','0000-00-00 00:00:00','','0000-00-00 00:00:00','',1,4,4,0,0),(69,'090608E1040','090608','101','3','6',11,50,0,'ingenieria de software','electivo','especifico','PRESENCIAL','','0000-00-00 00:00:00','','0000-00-00 00:00:00','',1,4,4,0,0),(70,'090675E2040','090675','101','1','4',12,50,0,'ingenieria de software','electivo','especifico','PRESENCIAL','','0000-00-00 00:00:00','','0000-00-00 00:00:00','',1,4,2,0,4),(70,'090675E2040','090675','101','2','5',12,50,0,'ingenieria de software','electivo','especifico','PRESENCIAL','','0000-00-00 00:00:00','','0000-00-00 00:00:00','',1,4,2,0,4),(70,'090675E2040','090675','101','3','6',12,50,0,'ingenieria de software','electivo','especifico','PRESENCIAL','','0000-00-00 00:00:00','','0000-00-00 00:00:00','',1,4,2,0,4),(71,'090676E2040','090676','101','1','4',12,50,0,'ingenieria de software','electivo','especifico','PRESENCIAL','','0000-00-00 00:00:00','','0000-00-00 00:00:00','',1,4,2,0,4),(71,'090676E2040','090676','101','2','5',12,50,0,'ingenieria de software','electivo','especifico','PRESENCIAL','','0000-00-00 00:00:00','','0000-00-00 00:00:00','',1,4,2,0,4),(71,'090676E2040','090676','101','3','6',12,50,0,'ingenieria de software','electivo','especifico','PRESENCIAL','','0000-00-00 00:00:00','','0000-00-00 00:00:00','',1,4,2,0,4),(72,'090677E2040','090677','101','1','4',12,50,0,'ingenieria de software','electivo','especifico','PRESENCIAL','','0000-00-00 00:00:00','','0000-00-00 00:00:00','',1,4,2,0,4),(72,'090677E2040','090677','101','2','5',12,50,0,'ingenieria de software','electivo','especifico','PRESENCIAL','','0000-00-00 00:00:00','','0000-00-00 00:00:00','',1,4,2,0,4),(72,'090677E2040','090677','101','3','6',12,50,0,'ingenieria de software','electivo','especifico','PRESENCIAL','','0000-00-00 00:00:00','','0000-00-00 00:00:00','',1,4,2,0,4),(73,'090678E2040','090678','101','1','4',12,50,0,'ingenieria de software','electivo','especifico','PRESENCIAL','','0000-00-00 00:00:00','','0000-00-00 00:00:00','',1,4,2,0,4),(73,'090678E2040','090678','101','2','5',12,50,0,'ingenieria de software','electivo','especifico','PRESENCIAL','','0000-00-00 00:00:00','','0000-00-00 00:00:00','',1,4,2,0,4),(73,'090678E2040','090678','101','3','6',12,50,0,'ingenieria de software','electivo','especifico','PRESENCIAL','','0000-00-00 00:00:00','','0000-00-00 00:00:00','',1,4,2,0,4),(74,'090862E2040','090862','101','1','4',12,50,0,'ingenieria de software','electivo','especifico','PRESENCIAL','','0000-00-00 00:00:00','','0000-00-00 00:00:00','',1,4,4,0,0),(74,'090862E2040','090862','101','2','5',12,50,0,'ingenieria de software','electivo','especifico','PRESENCIAL','','0000-00-00 00:00:00','','0000-00-00 00:00:00','',1,4,4,0,0),(74,'090862E2040','090862','101','3','6',12,50,0,'ingenieria de software','electivo','especifico','PRESENCIAL','','0000-00-00 00:00:00','','0000-00-00 00:00:00','',1,4,4,0,0),(75,'090658E3040','090658','101','1','4',13,50,0,'ingenieria de software','electivo','especifico','PRESENCIAL','','0000-00-00 00:00:00','','0000-00-00 00:00:00','',1,4,4,0,0),(75,'090658E3040','090658','101','2','5',13,50,0,'ingenieria de software','electivo','especifico','PRESENCIAL','','0000-00-00 00:00:00','','0000-00-00 00:00:00','',1,4,4,0,0),(75,'090658E3040','090658','101','3','6',13,50,0,'ingenieria de software','electivo','especifico','PRESENCIAL','','0000-00-00 00:00:00','','0000-00-00 00:00:00','',1,4,4,0,0),(76,'090672E3040','090672','101','1','4',13,50,0,'ingenieria de software','electivo','especifico','PRESENCIAL','','0000-00-00 00:00:00','','0000-00-00 00:00:00','',1,4,4,0,0),(76,'090672E3040','090672','101','2','5',13,50,0,'ingenieria de software','electivo','especifico','PRESENCIAL','','0000-00-00 00:00:00','','0000-00-00 00:00:00','',1,4,4,0,0),(76,'090672E3040','090672','101','3','6',13,50,0,'ingenieria de software','electivo','especifico','PRESENCIAL','','0000-00-00 00:00:00','','0000-00-00 00:00:00','',1,4,4,0,0),(77,'091124E3040','091124','101','1','4',13,50,0,'ingenieria de software','electivo','especifico','PRESENCIAL','','0000-00-00 00:00:00','','0000-00-00 00:00:00','',1,4,4,0,0),(77,'091124E3040','091124','101','2','5',13,50,0,'ingenieria de software','electivo','especifico','PRESENCIAL','','0000-00-00 00:00:00','','0000-00-00 00:00:00','',1,4,4,0,0),(77,'091124E3040','091124','101','3','6',13,50,0,'ingenieria de software','electivo','especifico','PRESENCIAL','','0000-00-00 00:00:00','','0000-00-00 00:00:00','',1,4,4,0,0),(78,'090147E4020','090147','101','1','4',14,50,0,'ingenieria de software','electivo','especifico','PRESENCIAL','','0000-00-00 00:00:00','','0000-00-00 00:00:00','',1,2,2,0,0),(78,'090147E4020','090147','101','2','5',14,50,0,'ingenieria de software','electivo','especifico','PRESENCIAL','','0000-00-00 00:00:00','','0000-00-00 00:00:00','',1,2,2,0,0),(78,'090147E4020','090147','101','3','6',14,50,0,'ingenieria de software','electivo','especifico','PRESENCIAL','','0000-00-00 00:00:00','','0000-00-00 00:00:00','',1,2,2,0,0),(79,'09086300020','090863','101','1','4',14,50,0,'ingenieria de software','electivo','especifico','PRESENCIAL','','0000-00-00 00:00:00','','0000-00-00 00:00:00','',1,2,2,0,0),(79,'09086300020','090863','101','2','5',14,50,0,'ingenieria de software','electivo','especifico','PRESENCIAL','','0000-00-00 00:00:00','','0000-00-00 00:00:00','',1,2,2,0,0),(79,'09086300020','090863','101','3','6',14,50,0,'ingenieria de software','electivo','especifico','PRESENCIAL','','0000-00-00 00:00:00','','0000-00-00 00:00:00','',1,2,2,0,0),(80,'09085200030','090852','101','1','4',14,50,0,'ingenieria de software','electivo','especifico','PRESENCIAL','','0000-00-00 00:00:00','','0000-00-00 00:00:00','',1,3,2,2,0),(80,'09085200030','090852','101','2','5',14,50,0,'ingenieria de software','electivo','especifico','PRESENCIAL','','0000-00-00 00:00:00','','0000-00-00 00:00:00','',1,3,2,2,0),(80,'09085200030','090852','101','3','6',14,50,0,'ingenieria de software','electivo','especifico','PRESENCIAL','','0000-00-00 00:00:00','','0000-00-00 00:00:00','',1,3,2,2,0),(81,'09061700040','090617','101','1','4',14,50,0,'ingenieria de software','electivo','especifico','PRESENCIAL','','0000-00-00 00:00:00','','0000-00-00 00:00:00','',1,4,3,2,0),(81,'09061700040','090617','101','2','5',14,50,0,'ingenieria de software','electivo','especifico','PRESENCIAL','','0000-00-00 00:00:00','','0000-00-00 00:00:00','',1,4,3,2,0),(81,'09061700040','090617','101','3','6',14,50,0,'ingenieria de software','electivo','especifico','PRESENCIAL','','0000-00-00 00:00:00','','0000-00-00 00:00:00','',1,4,3,2,0),(82,'091217E4020','091217','101','1','4',14,50,0,'ingenieria de software','electivo','especifico','PRESENCIAL','','0000-00-00 00:00:00','','0000-00-00 00:00:00','',1,2,2,0,0),(82,'091217E4020','091217','101','2','5',14,50,0,'ingenieria de software','electivo','especifico','PRESENCIAL','','0000-00-00 00:00:00','','0000-00-00 00:00:00','',1,2,2,0,0),(82,'091217E4020','091217','101','3','6',14,50,0,'ingenieria de software','electivo','especifico','PRESENCIAL','','0000-00-00 00:00:00','','0000-00-00 00:00:00','',1,2,2,0,0),(83,'09011607040','090116','101','1','4',14,50,0,'ingenieria de software','electivo','especifico','PRESENCIAL','','0000-00-00 00:00:00','','0000-00-00 00:00:00','',1,4,3,2,0),(83,'09011607040','090116','101','2','5',14,50,0,'ingenieria de software','electivo','especifico','PRESENCIAL','','0000-00-00 00:00:00','','0000-00-00 00:00:00','',1,4,3,2,0),(83,'09011607040','090116','101','3','6',14,50,0,'ingenieria de software','electivo','especifico','PRESENCIAL','','0000-00-00 00:00:00','','0000-00-00 00:00:00','',1,4,3,2,0),(84,'090659E3040','090659','101','1','4',13,50,0,'ingenieria de software','electivo','especifico','PRESENCIAL','','0000-00-00 00:00:00','','0000-00-00 00:00:00','',1,4,4,0,0),(84,'090659E3040','090659','101','2','5',13,50,0,'ingenieria de software','electivo','especifico','PRESENCIAL','','0000-00-00 00:00:00','','0000-00-00 00:00:00','',1,4,4,0,0),(84,'090659E3040','090659','101','3','6',13,50,0,'ingenieria de software','electivo','especifico','PRESENCIAL','','0000-00-00 00:00:00','','0000-00-00 00:00:00','',1,4,4,0,0),(85,'090660E3040','090660','101','1','4',13,50,0,'ingenieria de software','electivo','especifico','PRESENCIAL','','0000-00-00 00:00:00','','0000-00-00 00:00:00','',1,4,4,0,0),(85,'090660E3040','090660','101','2','5',13,50,0,'ingenieria de software','electivo','especifico','PRESENCIAL','','0000-00-00 00:00:00','','0000-00-00 00:00:00','',1,4,4,0,0),(85,'090660E3040','090660','101','3','6',13,50,0,'ingenieria de software','electivo','especifico','PRESENCIAL','','0000-00-00 00:00:00','','0000-00-00 00:00:00','',1,4,4,0,0),(86,'091125E4020','091125','101','1','4',14,50,0,'ingenieria de software','electivo','especifico','PRESENCIAL','','0000-00-00 00:00:00','','0000-00-00 00:00:00','',1,2,2,0,0),(86,'091125E4020','091125','101','2','5',14,50,0,'ingenieria de software','electivo','especifico','PRESENCIAL','','0000-00-00 00:00:00','','0000-00-00 00:00:00','',1,2,2,0,0),(86,'091125E4020','091125','101','3','6',14,50,0,'ingenieria de software','electivo','especifico','PRESENCIAL','','0000-00-00 00:00:00','','0000-00-00 00:00:00','',1,2,2,0,0),(87,'091126E4040','091126','101','1','4',14,50,0,'ingenieria de software','electivo','especifico','PRESENCIAL','','0000-00-00 00:00:00','','0000-00-00 00:00:00','',1,4,4,0,0),(87,'091126E4040','091126','101','2','5',14,50,0,'ingenieria de software','electivo','especifico','PRESENCIAL','','0000-00-00 00:00:00','','0000-00-00 00:00:00','',1,4,4,0,0),(87,'091126E4040','091126','101','3','6',14,50,0,'ingenieria de software','electivo','especifico','PRESENCIAL','','0000-00-00 00:00:00','','0000-00-00 00:00:00','',1,4,4,0,0);
/*!40000 ALTER TABLE `det_curso_esc` ENABLE KEYS */;
UNLOCK TABLES;

--
-- Table structure for table `det_doc_cur`
--

DROP TABLE IF EXISTS `det_doc_cur`;
/*!40101 SET @saved_cs_client     = @@character_set_client */;
/*!40101 SET character_set_client = utf8 */;
CREATE TABLE `det_doc_cur` (
  `id` int(11) NOT NULL AUTO_INCREMENT,
  `id_doc` bigint(12) NOT NULL,
  `id_cur` varchar(12) NOT NULL,
  `descri` varchar(45) DEFAULT NULL,
  `idsemestre` varchar(12) NOT NULL,
  PRIMARY KEY (`id`),
  KEY `id_doc_idx` (`id_doc`),
  KEY `fk_id_cur_idx` (`id_cur`),
  KEY `ind_numdoc` (`id_doc`),
  KEY `fk_id_cur_idx1` (`id_cur`),
  KEY `ind_numdoc1` (`id_doc`),
  KEY `fk_id_sem_idx` (`idsemestre`),
  CONSTRAINT `fk_id_cur` FOREIGN KEY (`id_cur`) REFERENCES `curso` (`idcurso`) ON DELETE CASCADE ON UPDATE CASCADE,
  CONSTRAINT `fk_id_doc_1` FOREIGN KEY (`id_doc`) REFERENCES `docente` (`numdoc`) ON DELETE NO ACTION ON UPDATE NO ACTION,
  CONSTRAINT `fk_id_sem` FOREIGN KEY (`idsemestre`) REFERENCES `semestre` (`idSemestre`) ON DELETE NO ACTION ON UPDATE NO ACTION
) ENGINE=InnoDB AUTO_INCREMENT=4 DEFAULT CHARSET=utf8;
/*!40101 SET character_set_client = @saved_cs_client */;

--
-- Dumping data for table `det_doc_cur`
--

LOCK TABLES `det_doc_cur` WRITE;
/*!40000 ALTER TABLE `det_doc_cur` DISABLE KEYS */;
INSERT INTO `det_doc_cur` VALUES (1,12345678,'09066301040','GEOMETRIA ANALITICA','4'),(2,12345678,'09127905040','SERV. Y SIST. OPERATIVOS','4'),(3,12345678,'09134910040','MARKETING DIGITAL','4');
/*!40000 ALTER TABLE `det_doc_cur` ENABLE KEYS */;
UNLOCK TABLES;

--
-- Table structure for table `det_doc_referido`
--

DROP TABLE IF EXISTS `det_doc_referido`;
/*!40101 SET @saved_cs_client     = @@character_set_client */;
/*!40101 SET character_set_client = utf8 */;
CREATE TABLE `det_doc_referido` (
  `codDet_ref` int(11) NOT NULL,
  `codDet_doc` bigint(11) NOT NULL
) ENGINE=InnoDB DEFAULT CHARSET=utf8;
/*!40101 SET character_set_client = @saved_cs_client */;

--
-- Dumping data for table `det_doc_referido`
--

LOCK TABLES `det_doc_referido` WRITE;
/*!40000 ALTER TABLE `det_doc_referido` DISABLE KEYS */;
/*!40000 ALTER TABLE `det_doc_referido` ENABLE KEYS */;
UNLOCK TABLES;

--
-- Table structure for table `det_seccion`
--

DROP TABLE IF EXISTS `det_seccion`;
/*!40101 SET @saved_cs_client     = @@character_set_client */;
/*!40101 SET character_set_client = utf8 */;
CREATE TABLE `det_seccion` (
  `codDs_sec` varchar(12) NOT NULL,
  `codDs_doc` int(11) NOT NULL,
  `turno` varchar(45) DEFAULT NULL,
  `actividad` varchar(45) DEFAULT NULL,
  `totMatr` int(11) DEFAULT NULL,
  `estado` varchar(45) DEFAULT NULL,
  KEY `idDs_secc_idx` (`codDs_sec`),
  KEY `idDs_doc_idx` (`codDs_doc`),
  CONSTRAINT `idDs_doc` FOREIGN KEY (`codDs_doc`) REFERENCES `docente` (`id`) ON DELETE NO ACTION ON UPDATE NO ACTION,
  CONSTRAINT `idDs_secc` FOREIGN KEY (`codDs_sec`) REFERENCES `seccion` (`idseccion`) ON DELETE NO ACTION ON UPDATE NO ACTION
) ENGINE=InnoDB DEFAULT CHARSET=utf8;
/*!40101 SET character_set_client = @saved_cs_client */;

--
-- Dumping data for table `det_seccion`
--

LOCK TABLES `det_seccion` WRITE;
/*!40000 ALTER TABLE `det_seccion` DISABLE KEYS */;
/*!40000 ALTER TABLE `det_seccion` ENABLE KEYS */;
UNLOCK TABLES;

--
-- Table structure for table `det_usu_esc`
--

DROP TABLE IF EXISTS `det_usu_esc`;
/*!40101 SET @saved_cs_client     = @@character_set_client */;
/*!40101 SET character_set_client = utf8 */;
CREATE TABLE `det_usu_esc` (
  `idUsuario` varchar(12) NOT NULL,
  `idEscuela` varchar(12) NOT NULL,
  `idPerfl` int(11) NOT NULL,
  PRIMARY KEY (`idUsuario`,`idEscuela`),
  KEY `fk_idesc_idx` (`idEscuela`),
  KEY `fk_perfilUsuario_idx` (`idPerfl`),
  CONSTRAINT `fk_idesc` FOREIGN KEY (`idEscuela`) REFERENCES `escuela` (`idescuela`) ON DELETE NO ACTION ON UPDATE NO ACTION
) ENGINE=InnoDB DEFAULT CHARSET=utf8;
/*!40101 SET character_set_client = @saved_cs_client */;

--
-- Dumping data for table `det_usu_esc`
--

LOCK TABLES `det_usu_esc` WRITE;
/*!40000 ALTER TABLE `det_usu_esc` DISABLE KEYS */;
INSERT INTO `det_usu_esc` VALUES ('COD001','999',1),('COD002','101',2);
/*!40000 ALTER TABLE `det_usu_esc` ENABLE KEYS */;
UNLOCK TABLES;

--
-- Table structure for table `disponibilidad_docente`
--

DROP TABLE IF EXISTS `disponibilidad_docente`;
/*!40101 SET @saved_cs_client     = @@character_set_client */;
/*!40101 SET character_set_client = utf8 */;
CREATE TABLE `disponibilidad_docente` (
  `id` int(11) NOT NULL AUTO_INCREMENT,
  `cod_Docente` bigint(12) NOT NULL,
  `cod_semestre` varchar(45) NOT NULL,
  `hor_ini` int(11) DEFAULT NULL,
  `hor_fin` int(11) DEFAULT NULL,
  `dia` varchar(45) DEFAULT NULL,
  PRIMARY KEY (`id`),
  KEY `codDd_docente_idx` (`cod_Docente`),
  KEY `codDd_semestre_idx` (`cod_semestre`),
  CONSTRAINT `codDd_docente` FOREIGN KEY (`cod_Docente`) REFERENCES `docente` (`numdoc`) ON DELETE NO ACTION ON UPDATE NO ACTION,
  CONSTRAINT `codDd_semestre` FOREIGN KEY (`cod_semestre`) REFERENCES `semestre` (`idSemestre`) ON DELETE NO ACTION ON UPDATE NO ACTION
) ENGINE=InnoDB AUTO_INCREMENT=9 DEFAULT CHARSET=utf8;
/*!40101 SET character_set_client = @saved_cs_client */;

--
-- Dumping data for table `disponibilidad_docente`
--

LOCK TABLES `disponibilidad_docente` WRITE;
/*!40000 ALTER TABLE `disponibilidad_docente` DISABLE KEYS */;
INSERT INTO `disponibilidad_docente` VALUES (1,84154321,'4',1015,1230,'Martes'),(2,84154321,'4',1100,1145,'Jueves'),(3,72736012,'5',1000,1500,'Lunes'),(4,72736012,'5',1000,1500,'Martes'),(5,72736012,'5',1000,1500,'Miercoles'),(6,72736012,'5',1000,1500,'Jueves'),(7,72736012,'5',1000,1500,'Viernes'),(8,72736012,'5',1000,1500,'Sabado');
/*!40000 ALTER TABLE `disponibilidad_docente` ENABLE KEYS */;
UNLOCK TABLES;

--
-- Table structure for table `disponibilidad_referido`
--

DROP TABLE IF EXISTS `disponibilidad_referido`;
/*!40101 SET @saved_cs_client     = @@character_set_client */;
/*!40101 SET character_set_client = utf8 */;
CREATE TABLE `disponibilidad_referido` (
  `id` int(11) NOT NULL AUTO_INCREMENT,
  `cod_Referido` bigint(12) NOT NULL,
  `cod_semestre` varchar(45) NOT NULL,
  `hor_ini` int(11) DEFAULT NULL,
  `hor_fin` int(11) DEFAULT NULL,
  `dia` varchar(45) DEFAULT NULL,
  PRIMARY KEY (`id`),
  KEY `idI_disp_ref_idx` (`cod_Referido`),
  KEY `idI_disp_sem_idx` (`cod_semestre`),
  CONSTRAINT `idI_disp_ref` FOREIGN KEY (`cod_Referido`) REFERENCES `referido` (`numdoc`) ON DELETE NO ACTION ON UPDATE NO ACTION,
  CONSTRAINT `idI_disp_sem` FOREIGN KEY (`cod_semestre`) REFERENCES `semestre` (`idSemestre`) ON DELETE NO ACTION ON UPDATE NO ACTION
) ENGINE=InnoDB DEFAULT CHARSET=utf8;
/*!40101 SET character_set_client = @saved_cs_client */;

--
-- Dumping data for table `disponibilidad_referido`
--

LOCK TABLES `disponibilidad_referido` WRITE;
/*!40000 ALTER TABLE `disponibilidad_referido` DISABLE KEYS */;
/*!40000 ALTER TABLE `disponibilidad_referido` ENABLE KEYS */;
UNLOCK TABLES;

--
-- Table structure for table `docente`
--

DROP TABLE IF EXISTS `docente`;
/*!40101 SET @saved_cs_client     = @@character_set_client */;
/*!40101 SET character_set_client = utf8 */;
CREATE TABLE `docente` (
  `id` int(11) NOT NULL AUTO_INCREMENT,
  `numdoc` bigint(12) NOT NULL,
  `apepat` varchar(45) NOT NULL,
  `apemat` varchar(45) NOT NULL,
  `nombre` varchar(45) NOT NULL,
  `pais` varchar(45) DEFAULT NULL,
  `fecini` date NOT NULL,
  `ley30220` tinyint(2) NOT NULL,
  `mayorgrado` varchar(45) NOT NULL,
  `menciongrado` varchar(45) NOT NULL,
  `univ` varchar(100) NOT NULL,
  `paisuniv` varchar(45) NOT NULL,
  `pregrado` tinyint(1) DEFAULT NULL,
  `maestria` tinyint(1) DEFAULT NULL,
  `doctorado` tinyint(1) DEFAULT NULL,
  `categoria` varchar(50) DEFAULT NULL,
  `regimen` varchar(45) DEFAULT NULL,
  `horaclase` int(2) NOT NULL,
  `horaactiv` int(2) NOT NULL,
  `totalhoras` int(2) NOT NULL,
  `investigador` tinyint(2) NOT NULL,
  `DINA` tinyint(1) DEFAULT NULL,
  `codD_sem` varchar(12) NOT NULL,
  `escuela` varchar(45) NOT NULL,
  `email` varchar(50) DEFAULT NULL,
  `telefono` int(15) DEFAULT NULL,
  `observaciones` varchar(45) DEFAULT NULL,
  `licenciamiento` tinyint(2) DEFAULT '0',
  `sl01` tinyint(2) DEFAULT '0',
  `sl02` tinyint(2) DEFAULT '0',
  `sl03` tinyint(2) DEFAULT '0',
  PRIMARY KEY (`id`),
  UNIQUE KEY `numdoc_UNIQUE` (`numdoc`),
  KEY `idD_sem_idx` (`codD_sem`),
  KEY `IND_NUMDOC` (`numdoc`),
  CONSTRAINT `idD_sem` FOREIGN KEY (`codD_sem`) REFERENCES `semestre` (`idSemestre`) ON DELETE NO ACTION ON UPDATE NO ACTION
) ENGINE=InnoDB AUTO_INCREMENT=125 DEFAULT CHARSET=utf8;
/*!40101 SET character_set_client = @saved_cs_client */;

--
-- Dumping data for table `docente`
--

LOCK TABLES `docente` WRITE;
/*!40000 ALTER TABLE `docente` DISABLE KEYS */;
INSERT INTO `docente` VALUES (1,12345678,'ABAD','Escalante','Juan Carlos','Peru','2012-02-15',1,'Doctor','Administraci','Usmp','Peru',1,0,1,'CONTRATADO','Tiempo Completo',16,4,20,1,1,'4','sistemas','juan_abadon@usm.pe',999873232,'ASDASD',0,0,0,0),(2,87654321,'Acosta','Acosta','Willian Sergio','Peru','2010-03-16',1,'Doctor','Bachiller en Ciencias','Upc','Peru',1,1,1,'CONTRATADO','Tiempo Parcial',12,6,18,1,1,'4','civil','william_acosta@usmp.pe',909883933,NULL,0,1,0,0),(3,87654322,'Aguero','Martinez La Rosa','Julio Cesar','Peru','2010-03-17',0,'Titulo','Bachiller en Ciencias','Upc','Peru',1,1,0,'CONTRATADO','Tiempo Parcial',12,6,18,1,0,'4','sistemas','julio_aguero@usmp.pe',909883933,NULL,0,0,1,0),(4,87654320,'Acu','Flores','Carlos Christian','Peru','2015-04-16',1,'Maestro','Bachiller en Biolog','Unmsm','Peru',1,1,1,'CONTRATADO','Tiempo Completo',10,2,12,1,1,'4','civil','carlos_acu',999873232,NULL,1,1,0,0),(5,87654323,'Aguirre','Medrano','Rosa Virginia','Peru','2009-03-17',1,'Doctor','Bachiller en Ciencias','Upc','Peru',1,1,1,'CONTRATADO','Tiempo Parcial',12,6,18,1,0,'4','industrial','luis_arriola@usmp.pe',909883933,NULL,0,1,0,0),(6,87654324,'Alarco','Jer','Iv','Peru','2010-04-16',1,'Doctor','Bachiller en Ciencias','Usmp','Peru',1,1,1,'CONTRATADO','Tiempo Parcial',12,6,18,1,0,'4','sistemas','julio_guzman@usmp.pe',909883933,NULL,0,1,0,0),(7,87654325,'Alarcon','Centti','Jose','Peru','2010-05-16',1,'Doctor','Bachiller en Economia','Usmp','Peru',1,1,1,'CONTRATADO','Tiempo Parcial',12,6,18,1,0,'4','industrial','luis_arriola@usmp.pe',999873232,NULL,0,1,0,0),(8,87654326,'Alegria','Vidal','Rosa Mercedes','Peru','2010-06-16',1,'Doctor','Bachiller en Ciencias','Upc','Peru',1,1,1,'CONTRATADO','Tiempo Parcial',12,6,18,1,1,'4','sistemas','luis_arriola@usmp.pe',999873232,NULL,1,1,1,0),(9,87654327,'Alferrano','Donofrio','Mirtha','Peru','2010-07-16',1,'Doctor','Bachiller en Ciencias','Utp','Peru',1,1,1,'CONTRATADO','Tiempo Parcial',12,6,18,1,0,'4','sistemas','mirtha_alferrano@usmp.pe',909883933,NULL,0,0,1,0),(10,87654328,'Ambia','Rebatta','Hugo Paulino','Peru','2010-08-16',1,'Doctor','Bachiller en Derecho','Upc','Peru',1,1,1,'CONTRATADO','Tiempo Parcial',12,6,18,1,1,'4','industrial','luis_arriola@usmp.pe',998790999,NULL,0,0,1,0),(11,87654329,'Amoros','Figueroa','Rodrigo','Peru','2010-09-16',1,'Doctor','Bachiller en Ciencias','Unmsm','Peru',1,1,1,'CONTRATADO','Tiempo Parcial',12,6,18,1,1,'4','industrial','mirtha_alferrano@usmp.pe',991212121,NULL,1,0,1,0),(12,87654311,'A','Gomez Sanchez','Roberto Enrique','Peru','2010-10-16',1,'Doctor','Bachiller en Ciencias','Upc','Peru',1,1,1,'CONTRATADO','Tiempo Parcial',12,6,18,1,0,'4','civil','roberto_a',991212121,NULL,0,1,0,0),(13,87654331,'Ara','Rojas','Silvia Liliana','Peru','2010-11-16',1,'Doctor','Bachiller en Educacion','Utp','Peru',1,1,1,'CONTRATADO','Tiempo Parcial',12,6,18,1,0,'4','sistemas','luis_arriola@usmp.pe',998790999,NULL,0,1,0,1),(14,87654341,'Arrieta','Freyre','Javier Eduardo','Peru','2010-12-16',1,'Doctor','Bachiller en Ciencias','Upc','Peru',1,1,1,'CONTRATADO','Tiempo Parcial',12,6,18,1,1,'4','sistemas','luis_arriola@usmp.pe',991212121,NULL,0,1,0,0),(15,87654351,'Arrieta','Taboada','Amanda','Peru','2010-03-01',1,'Doctor','Bachiller en Ciencias','Uni','Peru',1,1,1,'CONTRATADO','Tiempo Parcial',12,6,18,1,0,'4','civil','celso_gonzales@usmp.pe',991212121,NULL,0,1,0,1),(16,87654361,'Arriola','Guevara','Luis Alberto','Peru','2010-03-02',1,'Doctor','Bachiller en Ciencias','Uni','Peru',1,1,1,'CONTRATADO','Tiempo Parcial',12,6,18,1,1,'4','aeronautica','celso_gonzales@usmp.pe',998790999,NULL,0,0,1,1),(17,87654371,'Bacigalupo','Olivari','Miguel Angel','Peru','2010-03-03',1,'Doctor','Bachiller en Ciencias','Upc','Peru',1,1,1,'CONTRATADO','Tiempo Parcial',12,6,18,1,1,'4','aeronautica','luis_arriola@usmp.pe',991212121,NULL,1,0,0,1),(18,87654381,'Balcazar','Hernandez','Yudy','Peru','2010-03-04',1,'Doctor','Bachiller en Ciencias','Usmp','Peru',1,1,1,'CONTRATADO','Tiempo Parcial',12,6,18,1,1,'4','aeronautica','mirtha_alferrano@usmp.pe',991212121,NULL,1,0,0,1),(19,87654391,'Ballena','Gonzales','Manuel','Peru','2010-03-05',1,'Doctor','Bachiller en Ciencias','Usmp','Peru',1,1,1,'CONTRATADO','Tiempo Parcial',12,6,18,1,1,'4','sistemas','elva_garcia@usmp.pe',998790999,NULL,1,0,1,1),(20,87654301,'Balta','Rospliglosi','Manuel Valeriano','Peru','2010-03-06',1,'Doctor','Bachiller en Ciencias','Upc','Peru',1,1,1,'CONTRATADO','Tiempo Parcial',12,6,18,1,1,'4','sistemas','carlos_acu',998987397,NULL,0,1,0,0),(21,87654121,'Balta','Vargas-Machuca','Manuel','Peru','2010-03-07',1,'Doctor','Bachiller en Ciencias','Usmp','Peru',1,1,1,'CONTRATADO','Tiempo Parcial',12,6,18,1,0,'4','civil','carlos_acu',998790999,NULL,0,1,0,0),(22,87654221,'Barnet','Champommier','Yann Oliver','Peru','2010-03-08',1,'Doctor','Bachiller en Ciencias','Upc','Peru',1,1,1,'CONTRATADO','Tiempo Parcial',12,6,18,1,1,'4','civil','mirtha_alferrano@usmp.pe',991212121,NULL,0,1,0,0),(23,87654421,'Barnett','Mendoza','Edy Dalmiro','Peru','2010-03-09',1,'Doctor','Bachiller en Ciencias','Usmp','Peru',1,1,1,'CONTRATADO','Tiempo Parcial',12,6,18,1,1,'4','industrial','mirtha_alferrano@usmp.pe',998987397,NULL,1,1,0,0),(24,87654521,'Barrantes','Mann','Luis Alfonso','Peru','2010-03-10',1,'Doctor','Bachiller en Ciencias','Upc','Peru',1,1,1,'CONTRATADO','Tiempo Parcial',12,6,18,1,1,'4','sistemas','carlos_acu',998790999,NULL,0,1,0,0),(25,87654621,'Barraza','Salguero','Victor Eduardo','Peru','2010-03-11',1,'Doctor','Bachiller en Ciencias','Utp','Peru',1,1,1,'CONTRATADO','Tiempo Parcial',12,6,18,1,0,'4','industrial','celso_gonzales@usmp.pe',998987397,NULL,0,1,1,0),(26,87654721,'Barreto','Bardales','Tomas Fernando','Peru','2010-03-12',1,'Doctor','Bachiller en Ciencias','ULima','Peru',1,1,1,'CONTRATADO','Tiempo Parcial',12,6,18,1,0,'4','sistemas','elva_garcia@usmp.pe',998987397,NULL,0,0,0,0),(27,87654821,'Basile','Migliore','Jose Antonio','Peru','2010-03-20',1,'Doctor','Bachiller en Ciencias','Uni','Peru',1,1,1,'CONTRATADO','Tiempo Parcial',12,6,18,1,1,'4','sistemas','mirtha_alferrano@usmp.pe',998790999,NULL,0,1,0,0),(28,87654921,'Bayona','Ore','Luz Sussy','Peru','2010-03-21',1,'Doctor','Bachiller en Ciencias','Uni','Peru',1,1,1,'CONTRATADO','Tiempo Parcial',12,6,18,1,0,'4','aeronautica','celso_gonzales@usmp.pe',998987397,NULL,1,1,0,0),(29,87654021,'Becerra','Pacherres','Augusto Oscar','Peru','2010-03-22',1,'Doctor','Bachiller en Ciencias','Upc','Peru',1,1,1,'CONTRATADO','Tiempo Parcial',12,6,18,1,1,'4','aeronautica','luis_arriola@usmp.pe',998987397,NULL,0,0,1,0),(30,87651321,'Bedia','Guillen','Ciro Sergio','Peru','2010-03-23',1,'Doctor','Bachiller en Ciencias','Upc','Peru',1,1,1,'CONTRATADO','Tiempo Parcial',12,6,18,1,0,'4','sistemas','luis_arriola@usmp.pe',998790999,NULL,0,0,1,0),(31,87652321,'Benavente','Villena','Maria Elena','Peru','2010-03-24',1,'Doctor','Bachiller en Ciencias','Upc','Peru',1,1,1,'CONTRATADO','Tiempo Parcial',12,6,18,1,1,'4','industrial','carlos_acu',998987397,NULL,0,1,0,0),(32,87653321,'Benites','Gonzales','Willian Sergio','Peru','2010-03-25',1,'Doctor','Bachiller en Ciencias','Upc','Peru',1,1,1,'CONTRATADO','Tiempo Parcial',12,6,18,1,0,'4','industrial','celso_gonzales@usmp.pe',998790999,NULL,0,1,0,0),(33,87655321,'Benites','Vilela','Luis Fernando','Peru','2010-03-26',1,'Doctor','Bachiller en Ciencias','Upc','Peru',1,1,1,'CONTRATADO','Tiempo Parcial',12,6,18,1,0,'4','sistemas','carlos_acu',998732332,NULL,0,1,0,0),(34,87656321,'Bernabel','Liza','Ana Maria','Peru','2010-03-27',1,'Doctor','Bachiller en Ciencias','Upc','Peru',1,1,1,'CONTRATADO','Tiempo Parcial',12,6,18,1,0,'4','sistemas','elva_garcia@usmp.pe',988877883,NULL,1,1,0,0),(35,87657321,'Bernal','Ortiz','Carlos Adolfo','Peru','2010-03-28',1,'Doctor','Bachiller en Ciencias','Upc','Peru',1,1,1,'CONTRATADO','Tiempo Parcial',12,6,18,1,0,'4','aeronautica','mirtha_alferrano@usmp.pe',998790999,NULL,0,1,0,0),(36,87658321,'Bernuy','Alva','Augusto Ernesto','Peru','2010-03-29',1,'Doctor','Bachiller en Ciencias','Upc','Peru',1,1,1,'CONTRATADO','Tiempo Parcial',12,6,18,1,1,'4','aeronautica','mirtha_alferrano@usmp.pe',998790999,NULL,0,1,0,0),(37,87659321,'Bertolotti','Zu','Carmen Rosa','Peru','2010-03-30',1,'Doctor','Bachiller en Ciencias','Upc','Peru',1,1,1,'CONTRATADO','Tiempo Parcial',12,6,18,1,0,'4','sistemas','mirtha_alferrano@usmp.pe',998732332,NULL,0,1,0,0),(38,87650321,'Bezada','Sanchez','Cesar Alfredo','Peru','2011-03-16',1,'Doctor','Bachiller en Ciencias','Upc','Peru',1,1,1,'CONTRATADO','Tiempo Parcial',12,6,18,1,0,'4','civil','elva_garcia@usmp.pe',998998844,NULL,1,0,0,1),(39,87614321,'Blanco','Zu','Yvan','Peru','2012-03-16',1,'Doctor','Bachiller en Ciencias','Unmsm','Peru',1,1,1,'CONTRATADO','Tiempo Parcial',12,6,18,1,0,'4','civil','elva_garcia@usmp.pe',993232323,NULL,0,0,0,1),(40,87624321,'Bocangel','Weydert','Guillermo Augusto','Peru','2013-03-16',1,'Doctor','Bachiller en Ciencias','Upc','Peru',1,1,1,'CONTRATADO','Tiempo Parcial',12,6,18,1,1,'4','sistemas','guillermo_bocangel@usmp.pe',998732332,NULL,0,1,0,1),(41,87634321,'Buendia','Rios','Hildebrando','Peru','2014-03-16',1,'Doctor','Bachiller en Ciencias','Upc','Peru',1,1,1,'CONTRATADO','Tiempo Parcial',12,6,18,1,0,'4','civil','silverio_bustos@usmp.pe',998790999,NULL,0,0,1,0),(42,87644321,'Bustos','Diaz','Silverio','Peru','2015-03-16',1,'Doctor','Bachiller en Ciencias','Upc','Peru',1,1,1,'CONTRATADO','Tiempo Parcial',12,6,18,1,0,'4','civil','silverio_bustos@usmp.pe',998732332,NULL,0,0,0,1),(43,87664321,'Cabrera','Iturria','Ricardo','Peru','2016-03-16',1,'Doctor','Bachiller en Ciencias','Utp','Peru',1,1,1,'CONTRATADO','Tiempo Parcial',12,6,18,1,0,'4','sistemas','carlos_acu',998732332,NULL,0,1,0,0),(44,87674321,'Caceres','Echegaray','Hector Alejandro','Peru','2009-03-16',1,'Doctor','Bachiller en Ciencias','Upc','Peru',1,1,1,'CONTRATADO','Tiempo Parcial',12,6,18,1,1,'4','civil','carlos_acu',998732332,NULL,1,1,0,0),(45,87684321,'Caceres','Lampen','Manuel Alejandro','Peru','2008-03-16',1,'Doctor','Bachiller en Ciencias','Upc','Peru',1,1,1,'CONTRATADO','Tiempo Parcial',12,6,18,1,0,'4','sistemas','guillermo_bocangel@usmp.pe',998790999,NULL,1,0,1,0),(46,87694321,'Calderon','Caceres','Jose Luis','Peru','2007-03-16',1,'Doctor','Bachiller en Ciencias','Upc','Peru',1,1,1,'CONTRATADO','Tiempo Parcial',12,6,18,1,0,'4','civil','carlos_acu',998790999,NULL,1,1,0,0),(47,87604321,'Campos','Perez','Rosalvina','Peru','2006-03-16',1,'Doctor','Bachiller en Ciencias','Usmp','Peru',1,1,1,'CONTRATADO','Tiempo Parcial',12,6,18,1,1,'4','sistemas','elva_garcia@usmp.pe',998732332,NULL,1,1,0,0),(48,87154321,'Cano','Tejada','Jose Antonio','Peru','2005-03-16',1,'Doctor','Bachiller en Ciencias','Upc','Peru',1,1,1,'CONTRATADO','Tiempo Parcial',12,6,18,1,0,'4','sistemas','celso_gonzales@usmp.pe',998790999,NULL,0,1,0,0),(49,87254321,'Caparachin','Chuquihuaraca','Jaime Santos','Peru','2004-03-16',1,'Doctor','Bachiller en Ciencias','Upc','Peru',1,1,1,'CONTRATADO','Tiempo Parcial',12,6,18,1,1,'4','sistemas','celso_gonzales@usmp.pe',998790999,NULL,0,1,0,0),(50,87354321,'Cardenas','Lucero','Luis','Peru','2003-03-16',1,'Doctor','Bachiller en Ciencias','Uni','Peru',1,1,1,'CONTRATADO','Tiempo Parcial',12,6,18,1,1,'4','arquitectura','guillermo_bocangel@usmp.pe',998732332,NULL,1,1,0,0),(51,87454321,'Cardenas','Martinez','Jose Antonio','Peru','2002-03-16',1,'Doctor','Bachiller en Ciencias','Upc','Peru',1,1,1,'CONTRATADO','Tiempo Parcial',12,6,18,1,1,'4','civil','elva_garcia@usmp.pe',998732332,NULL,0,0,1,0),(52,87554321,'Cardenas','Zavala','Germain Leonardo','Peru','2001-03-16',1,'Doctor','Bachiller en Ciencias','Upc','Peru',1,1,1,'CONTRATADO','Tiempo Parcial',12,6,18,1,0,'4','sistemas','guillermo_bocangel@usmp.pe',998790999,NULL,0,1,1,0),(53,87754321,'Carpio','Delgado','Guitter Guillermo','Peru','2000-03-16',1,'Doctor','Bachiller en Ciencias','Upc','Peru',1,1,1,'CONTRATADO','Tiempo Parcial',12,6,18,1,0,'4','arquitectura','luis_arriola@usmp.pe',988988323,NULL,0,1,0,0),(54,87854321,'Casavilca','Maldonado','Edmundo','Peru','2010-04-01',1,'Doctor','Bachiller en Ciencias','Upc','Peru',1,1,1,'CONTRATADO','Tiempo Parcial',12,6,18,1,1,'4','arquitectura','guillermo_bocangel@usmp.pe',988988323,NULL,0,1,0,0),(56,87054321,'Castillo','Sini','Gustavo Alejandro','Peru','2010-04-03',1,'Doctor','Bachiller en Ciencias','Upc','Peru',1,1,1,'CONTRATADO','Tiempo Parcial',12,6,18,1,1,'4','industrial','luis_arriola@usmp.pe',988988323,NULL,0,1,0,0),(57,81654321,'Castro','Salazar','Fredy Adan','Peru','2010-04-04',1,'Doctor','Bachiller en Ciencias','Usmp','Peru',1,1,1,'CONTRATADO','Tiempo Parcial',12,6,18,1,1,'4','sistemas','celso_gonzales@usmp.pe',988988323,NULL,0,0,1,0),(61,85654321,'Cerdan','Chavarri','Mario Wilbe','Peru','2010-04-08',1,'Doctor','Bachiller en Ciencias','Upc','Peru',1,1,1,'CONTRATADO','Tiempo Parcial',12,6,18,1,0,'4','aeronautica','elva_garcia@usmp.pe',998790999,NULL,0,1,0,0),(62,86654321,'Cerpa','Espinosa','David','Peru','2010-04-09',1,'Doctor','Bachiller en Ciencias','Ucv','Peru',1,1,1,'CONTRATADO','Tiempo Parcial',12,6,18,1,0,'4','aeronautica','elva_garcia@usmp.pe',998889921,NULL,0,1,0,0),(63,88654321,'Cerron','Ruiz','Eulogio','Peru','2010-04-10',1,'Doctor','Bachiller en Ciencias','Uap','Peru',1,1,1,'CONTRATADO','Tiempo Parcial',12,6,18,1,0,'4','industrial','guillermo_bocangel@usmp.pe',998889921,NULL,0,1,0,0),(64,89654321,'Cevallos','Echevarria','Alejandro Nestor','Peru','2010-04-11',1,'Doctor','Bachiller en Ciencias','Upc','Peru',1,1,1,'CONTRATADO','Tiempo Parcial',12,6,18,1,1,'4','arquitectura','guillermo_bocangel@usmp.pe',998889921,NULL,1,1,0,0),(65,80654321,'Chacon','Moscoso','Hugo Liu','Peru','2010-04-12',1,'Doctor','Bachiller en Ciencias','Upc','Peru',1,1,1,'CONTRATADO','Tiempo Parcial',12,6,18,1,0,'4','aeronautica','carlos_acu',998790999,NULL,0,1,0,1),(66,17654321,'Chanca','Cortez','Luis Manuel','Peru','2010-04-13',1,'Doctor','Bachiller en Ciencias','Utp','Peru',1,1,1,'CONTRATADO','Tiempo Parcial',12,6,18,1,1,'4','arquitectura','juan_abad@usmp.pe',998921125,NULL,0,1,0,0),(67,27654321,'Chavarry','Vallejos','Carlos Magno','Peru','2010-04-14',1,'Doctor','Bachiller en Ciencias','Upc','Peru',1,1,1,'CONTRATADO','Tiempo Parcial',12,6,18,1,0,'4','aeronautica','carlos_acu',998921125,NULL,0,1,0,0),(68,37654321,'Chavez','Rodriguez','Michael Jesus','Peru','2010-04-15',1,'Doctor','Bachiller en Ciencias','Usmp','Peru',1,1,1,'CONTRATADO','Tiempo Parcial',12,6,18,1,0,'4','arquitectura','juan_abad@usmp.pe',998921125,NULL,0,1,0,1),(69,47654321,'Cieza','Davila','Javier Eduardo','Peru','2010-04-17',1,'Doctor','Bachiller en Ciencias','Usmp','Peru',1,1,1,'CONTRATADO','Tiempo Parcial',12,6,18,1,0,'4','aeronautica','javier_cieza@usmp.pe',998889921,NULL,0,0,1,0),(70,57654321,'Consigliere','Cevasco','Luis Ricardo','Peru','2010-04-18',1,'Doctor','Bachiller en Ciencias','Upc','Peru',1,1,1,'CONTRATADO','Tiempo Parcial',12,6,18,1,0,'4','civil','juan_abad@usmp.pe',998921125,NULL,1,0,1,0),(71,67654321,'Contreras','Villarreal','Luis Wilfredo','Peru','2010-04-19',1,'Doctor','Bachiller en Ciencias','ULima','Peru',1,1,1,'CONTRATADO','Tiempo Parcial',12,6,18,1,0,'4','aeronautica','javier_cieza@usmp.pe',998921125,NULL,0,0,1,0),(72,77654321,'Cortez','Silva','Dimas Antonio','Peru','2010-04-20',1,'Doctor','Bachiller en Ciencias','Unmsm','Peru',1,1,1,'CONTRATADO','Tiempo Parcial',12,6,18,1,1,'4','civil','guillermo_bocangel@usmp.pe',998889921,NULL,1,1,0,0),(73,97654321,'Cuadros','Ricra','Ruben Dario','Peru','2010-04-21',1,'Doctor','Bachiller en Ciencias','Upc','Peru',1,1,1,'CONTRATADO','Tiempo Parcial',12,6,18,1,0,'4','arquitectura','luis_arriola@usmp.pe',998921125,NULL,1,1,0,0),(74,7654321,'De La Vega','Picoaga','Fresia','Peru','2010-04-22',1,'Doctor','Bachiller en Ciencias','Usmp','Peru',1,1,1,'CONTRATADO','Tiempo Parcial',12,6,18,1,0,'4','aeronautica','luis_arriola@usmp.pe',998921125,NULL,0,1,0,0),(77,81554321,'De Olarte','Tristan','Jorge Luis','Peru','2010-04-25',1,'Doctor','Bachiller en Ciencias','Usmp','Peru',1,1,1,'CONTRATADO','Tiempo Parcial',12,6,18,1,0,'4','arquitectura','elva_garcia@usmp.pe',998921125,NULL,1,1,0,0),(78,82154321,'Del Carpio','Damian','Christian Carlos','Peru','2010-04-26',1,'Doctor','Bachiller en Ciencias','Upc','Peru',1,1,1,'CONTRATADO','Tiempo Parcial',12,6,18,1,0,'4','industrial','javier_cieza@usmp.pe',998921125,NULL,0,1,0,0),(79,82254321,'Diaz','Tejada','Gabriel Eduardo','Peru','2010-04-27',1,'Doctor','Bachiller en Ciencias','Upc','Peru',1,1,1,'CONTRATADO','Tiempo Parcial',12,6,18,1,1,'4','aeronautica','guillermo_bocangel@usmp.pe',998889921,NULL,1,1,0,1),(80,82354321,'Dur','Ramirez','Gary Gary','Peru','2010-04-28',1,'Doctor','Bachiller en Ciencias','Upc','Peru',1,1,1,'CONTRATADO','Tiempo Parcial',12,6,18,1,1,'4','industrial','julio_guzman@usmp.pe',998921125,NULL,0,1,0,0),(81,82454321,'Egoavil','La Torre','Victor Raul','Peru','2010-04-29',1,'Doctor','Bachiller en Ciencias','Upc','Peru',1,1,1,'CONTRATADO','Tiempo Parcial',12,6,18,1,0,'4','aeronautica','guillermo_bocangel@usmp.pe',998889921,NULL,0,0,1,1),(82,82554321,'Elaez','Cisneros','Eliazaf Guillermo','Peru','2010-04-30',1,'Doctor','Bachiller en Ciencias','Upc','Peru',1,1,1,'CONTRATADO','Tiempo Parcial',12,6,18,1,0,'4','industrial','guillermo_bocangel@usmp.pe',998921125,NULL,0,0,1,0),(84,82754321,'Esparza','Castillo','Olenka','Peru','2010-05-02',1,'Doctor','Bachiller en Ciencias','Upc','Peru',1,1,1,'CONTRATADO','Tiempo Parcial',12,6,18,1,0,'4','industrial','julio_guzman@usmp.pe',998921125,NULL,0,1,0,0),(85,82854321,'Estela','Benavides','Bertha','Peru','2010-05-03',1,'Doctor','Bachiller en Ciencias','Upc','Peru',1,1,1,'CONTRATADO','Tiempo Parcial',12,6,18,1,1,'4','aeronautica','celso_gonzales@usmp.pe',998889921,NULL,0,0,0,1),(86,82954321,'Falcon','Soto','Arnaldo','Peru','2010-05-04',1,'Doctor','Bachiller en Ciencias','Upc','Peru',1,1,1,'CONTRATADO','Tiempo Parcial',12,6,18,1,0,'4','industrial','elva_garcia@usmp.pe',998921125,NULL,0,0,0,1),(87,83054321,'Fano','Miranda','Gonzalo','Peru','2010-05-05',1,'Doctor','Bachiller en Ciencias','Upc','Peru',1,1,1,'CONTRATADO','Tiempo Parcial',12,6,18,1,0,'4','industrial','julio_guzman@usmp.pe',998921125,NULL,0,1,0,0),(88,83154321,'Figueroa','Lezama','Rafael','Peru','2010-05-06',1,'Doctor','Bachiller en Ciencias','Upc','Peru',1,1,1,'CONTRATADO','Tiempo Parcial',12,6,18,1,0,'4','aeronautica','rafael_figueroa@usmp.pe',998889921,NULL,1,1,0,0),(89,83254321,'Figueroa','Revilla','Jorge Martin','Peru','2010-05-07',1,'Doctor','Bachiller en Ciencias','Upc','Peru',1,1,1,'CONTRATADO','Tiempo Parcial',12,6,18,1,1,'4','sistemas','rafael_figueroa@usmp.pe',998889921,NULL,0,1,0,0),(90,83354321,'Florian','Castillo','Tulio Elias','Peru','2010-05-08',1,'Doctor','Bachiller en Ciencias','Upc','Peru',1,1,1,'CONTRATADO','Tiempo Parcial',12,6,18,1,0,'4','sistemas','javier_cieza@usmp.pe',998823232,NULL,0,1,0,0),(91,83454321,'Fuentes','Flores','Maximo','Peru','2010-05-09',1,'Doctor','Bachiller en Ciencias','Upc','Peru',1,1,1,'CONTRATADO','Tiempo Parcial',12,6,18,1,0,'4','aeronautica','luis_arriola@usmp.pe',998812111,NULL,1,1,0,0),(92,83554321,'Galindo','Guerra','Gary Joseph Loui','Peru','2010-05-10',1,'Doctor','Bachiller en Ciencias','Upc','Peru',1,1,1,'CONTRATADO','Tiempo Parcial',12,6,18,1,0,'4','industrial','julio_guzman@usmp.pe',998823232,NULL,0,1,0,0),(94,83754321,'Galloso','Gentile','Alberto Cesar','Peru','2010-05-12',1,'Doctor','Bachiller en Ciencias','Upc','Peru',1,1,1,'CONTRATADO','Tiempo Parcial',12,6,18,1,1,'4','sistemas','elva_garcia@usmp.pe',998812111,NULL,0,0,1,0),(95,83854321,'Gamarra','Villacorta','Raul','Peru','2010-05-13',1,'Doctor','Bachiller en Ciencias','Usmp','Peru',1,1,1,'CONTRATADO','Tiempo Parcial',12,6,18,1,0,'4','industrial','raul_gamarra@usmp.pe',998812111,NULL,0,1,0,1),(96,83954321,'Gamboa','Cruzado','Javier Arturo','Peru','2010-05-14',1,'Doctor','Bachiller en Ciencias','Upc','Peru',1,1,1,'CONTRATADO','Tiempo Parcial',12,6,18,1,0,'4','industrial','julio_guzman@usmp.pe',998823232,NULL,1,1,0,0),(97,84054321,'Gamero','Rengifo','Luis Fernando','Peru','2010-05-18',1,'Doctor','Bachiller en Ciencias','Usmp','Peru',1,1,1,'CONTRATADO','Tiempo Parcial',12,6,18,1,1,'4','aeronautica','raul_gamarra@usmp.pe',998812111,NULL,0,1,0,0),(98,84154321,'Garcia','Farje','Ruben Osvaldo','Peru','2010-05-17',1,'Doctor','Bachiller en Ciencias','ULima','Peru',1,1,1,'CONTRATADO','Tiempo Parcial',12,6,18,1,0,'4','aeronautica','rafael_figueroa@usmp.pe',998812111,NULL,1,1,0,0),(99,84254321,'Garcia','Flores','Elva Nelly','Peru','2010-05-19',1,'Doctor','Bachiller en Ciencias','Upc','Peru',1,1,1,'CONTRATADO','Tiempo Parcial',12,6,18,1,0,'4','industrial','elva_garcia@usmp.pe',998823232,NULL,1,1,0,0),(100,84354321,'Garcia','Guerra','Juan Diego','Peru','2010-05-20',1,'Doctor','Bachiller en Ciencias','Utp','Peru',1,1,1,'CONTRATADO','Tiempo Parcial',12,6,18,1,0,'4','industrial','rafael_figueroa@usmp.pe',998823232,NULL,0,1,0,0),(101,84454321,'Garcia','Lorente','Cesar','Peru','2010-05-21',1,'Doctor','Bachiller en Ciencias','Usmp','Peru',1,1,1,'CONTRATADO','Tiempo Parcial',12,6,18,1,1,'4','industrial','julio_guzman@usmp.pe',998812111,NULL,0,1,0,1),(102,84554321,'Garcia','Nu','Luz Elena','Peru','2010-05-22',1,'Doctor','Bachiller en Ciencias','Unmsm','Peru',1,1,1,'CONTRATADO','Tiempo Parcial',12,6,18,1,0,'4','sistemas','rafael_figueroa@usmp.pe',998812111,NULL,1,1,1,0),(103,12365479,'Garcia','Sanchez','Marta Pamela','Peru','2008-03-13',1,'Maestr','Bachiller en Ciencias','Upn','Peru',0,1,1,'CONTRATADO','Tiempo Completo',15,8,23,1,0,'4','sistemas','javier_cieza@usmp.pe',998823232,NULL,0,1,0,0),(104,88888888,'Geronimo','Vasquez','Alfonso Herminio','Peru','2010-03-15',1,'Doctor','Bachiller en Arquitectura','Usil','Peru',1,1,1,'CONTRATADO','Tiempo Parcial',15,5,20,1,0,'4','sistemas','rafael_figueroa@usmp.pe',998790999,NULL,1,1,0,0),(105,11111111,'Gomero','Cordova','Eduardo Fernando','Peru','2003-03-14',0,'T','Bachiller en Econom','Ucv','Peru',1,1,1,'CONTRATADO','Tiempo Parcial',12,6,18,1,1,'4','industrial','javier_cieza@usmp.pe',998823232,NULL,1,1,1,0),(106,34532689,'Gonzales','Alva','Luis Eduardo','Peru','2010-03-13',1,'Maestr','Bachiller en Educaci','Upn','Peru',1,1,0,'CONTRATADO','Tiempo Completo',14,5,19,0,0,'4','sistemas','julio_guzman@usmp.pe',998812111,NULL,0,0,1,0),(107,99999999,'Gonzales','Chavesta','Celso','Peru','1999-03-16',1,'Maestro','Bachiller en Computaci','Uap','Peru',0,1,1,'CONTRATADO','Tiempo Parcial',13,5,18,1,0,'4','industrial','celso_gonzales@usmp.pe',998823232,NULL,1,0,0,1),(108,17893492,'Gonzales','Sanchez','Juan Julio','Peru','2007-03-10',1,'T','Bachiller en Derecho','Usil','Peru',1,1,1,'CONTRATADO','Tiempo Completo',12,8,20,1,1,'4','industrial','rafael_figueroa@usmp.pe',998790999,NULL,1,1,0,0),(109,9431874,'Gonzalo','Silva','Eduardo Ramon','Peru','2004-03-20',1,'Doctor','Bachiller en Ciencias Matem','Uigv','Peru',1,1,1,'CONTRATADO','Tiempo Parcial',15,6,21,1,0,'4','aeronautica','celso_gonzales@usmp.pe',998812111,NULL,0,0,1,0),(110,74073297,'Grandez','Pizarro','Waldy Mercedes','Peru','2012-03-23',1,'T','Bachiller en Econom','Upc','Peru',1,1,1,'CONTRATADO','Tiempo Parcial',12,6,18,1,1,'4','sistemas','julio_guzman@usmp.pe',998812111,NULL,1,1,0,1),(111,23148930,'Guerrero','Navarro','Raul Agustin','Peru','2005-03-13',1,'Doctor','Bachiller en Ciencias Contables','Usmp','Peru',1,1,1,'CONTRATADO','Tiempo Completo',15,6,21,1,0,'4','industrial','celso_gonzales@usmp.pe',998823232,NULL,0,1,0,0),(112,83704342,'Guzm','Tasayco','Alfonso','Peru','2010-03-18',1,'Doctor','Bachiller en Derecho','Upc','Peru',1,1,1,'CONTRATADO','Tiempo Parcial',12,6,18,1,1,'4','industrial','celso_gonzales@usmp.pe',998790999,'null',0,0,0,0),(113,1010101,'Guzman','Rouviros','Julio Alejandro','Peru','2004-03-12',1,'Doctor','Bachiller en Ciencias','Utp','Peru',1,0,1,'CONTRATADO','Tiempo Parcial',13,6,19,1,0,'4','sistemas','julio_guzman@usmp.pe',998823232,NULL,1,1,0,1),(123,333333,'Abad','Escalante','Juan Carlos','Peru','2010-02-15',1,'Doctor','Administracion','Usmp','Peru',1,0,1,'CONTRATADO','Tiempo Completo',16,4,20,1,1,'4','sistemas','raul_gamarra@usmp.pe',998790999,'',1,1,0,1),(124,72736012,'CIEZA','DAVILA','JAVIER EDUARDO','Aruba','2017-10-13',1,'Doctor','DOCTOR','USMP','Antigua and Barbuda',1,1,1,'EXTRAORDINARIO','Tiempo Completo',5,5,10,1,1,'4','SISTEMAS','eduardo@usmp.pe',12345678,'asd',0,0,0,0);
/*!40000 ALTER TABLE `docente` ENABLE KEYS */;
UNLOCK TABLES;

--
-- Table structure for table `docente_audi`
--

DROP TABLE IF EXISTS `docente_audi`;
/*!40101 SET @saved_cs_client     = @@character_set_client */;
/*!40101 SET character_set_client = utf8 */;
CREATE TABLE `docente_audi` (
  `id` int(11) NOT NULL AUTO_INCREMENT,
  `id_doc` int(11) NOT NULL,
  `numdoc` bigint(12) NOT NULL,
  `apepat` varchar(45) NOT NULL,
  `apemat` varchar(45) NOT NULL,
  `nombre` varchar(45) NOT NULL,
  `pais` varchar(45) DEFAULT NULL,
  `fecini` date NOT NULL,
  `ley30220` tinyint(2) NOT NULL,
  `mayorgrado` varchar(45) NOT NULL,
  `menciongrado` varchar(45) NOT NULL,
  `univ` varchar(100) NOT NULL,
  `paisuniv` varchar(45) NOT NULL,
  `pregrado` tinyint(1) DEFAULT NULL,
  `maestria` tinyint(1) DEFAULT NULL,
  `doctorado` tinyint(1) DEFAULT NULL,
  `categoria` varchar(50) DEFAULT NULL,
  `regimen` varchar(45) DEFAULT NULL,
  `horaclase` int(2) NOT NULL,
  `horaactiv` int(2) NOT NULL,
  `totalhoras` int(2) NOT NULL,
  `investigador` tinyint(2) NOT NULL,
  `DINA` tinyint(1) DEFAULT NULL,
  `codD_sem` varchar(12) NOT NULL,
  `escuela` varchar(45) NOT NULL,
  `email` varchar(50) DEFAULT NULL,
  `telefono` int(15) DEFAULT NULL,
  `observaciones` varchar(45) DEFAULT NULL,
  `fecha` timestamp NOT NULL DEFAULT CURRENT_TIMESTAMP,
  `licenciamiento` tinyint(2) DEFAULT '0',
  `sl01` tinyint(2) DEFAULT '0',
  `sl02` tinyint(2) DEFAULT '0',
  `sl03` tinyint(2) DEFAULT '0',
  PRIMARY KEY (`id`),
  KEY `id_doc` (`id_doc`),
  CONSTRAINT `docente_audi_ibfk_1` FOREIGN KEY (`id_doc`) REFERENCES `docente` (`id`)
) ENGINE=InnoDB AUTO_INCREMENT=462 DEFAULT CHARSET=utf8;
/*!40101 SET character_set_client = @saved_cs_client */;

--
-- Dumping data for table `docente_audi`
--

LOCK TABLES `docente_audi` WRITE;
/*!40000 ALTER TABLE `docente_audi` DISABLE KEYS */;
INSERT INTO `docente_audi` VALUES (1,123,12341234,'Abad','Escalante','Juan Carlos','Per','2010-02-15',1,'Doctor','Administraci','Usmp','Per',1,0,1,'CONTRATADO','Tiempo Completo',16,4,20,1,0,'4','sistemas','juan_abad@usmp.pe',998889322,'','2017-09-17 02:05:18',1,1,0,0),(2,123,333333,'Abad','Escalante','Juan Carlos','Per','2010-02-15',1,'Doctor','Administraci','Usmp','Per',1,0,1,'CONTRATADO','Tiempo Completo',16,4,20,1,0,'4','sistemas','juan_abad@usmp.pe',999843343,'','2017-09-17 03:12:27',0,1,0,0),(3,1,12345678,'Abad','Escalante','Juan Carlos','Peru','2012-02-15',1,'Doctor','Administraci','Usmp','Peru',1,0,1,'CONTRATADO','Tiempo Completo',16,4,20,1,0,'4','sistemas','juan_abad@usmp.pe',932534233,NULL,'2017-09-25 23:29:58',0,1,1,0),(4,2,87654321,'Acosta','Acosta','Willian Sergio','Peru','2010-03-16',1,'Doctor','Bachiller en Ciencias','Upc','Peru',1,1,1,'CONTRATADO','Tiempo Parcial',12,6,18,1,0,'4','civil','william_acosta@usmp.pe',912092322,NULL,'2017-09-25 23:29:58',1,1,0,0),(5,3,87654322,'Aguero','Martinez La Rosa','Julio Cesar','Peru','2010-03-17',0,'Titulo','Bachiller en Ciencias','Upc','Peru',1,1,0,'CONTRATADO','Tiempo Parcial',12,6,18,1,0,'4','sistemas','julio_aguero@usmp.pe',999843343,NULL,'2017-09-25 23:29:58',0,1,1,0),(6,4,87654320,'Acu','Flores','Carlos Christian','Peru','2015-04-16',1,'Maestro','Bachiller en Biolog','Unmsm','Peru',1,1,1,'CONTRATADO','Tiempo Completo',10,2,12,1,1,'4','sistemas','carlos_acu',999843343,NULL,'2017-09-25 23:29:58',1,1,0,0),(7,5,87654323,'Aguirre','Medrano','Rosa Virginia','Peru','2009-03-17',1,'Doctor','Bachiller en Ciencias','Upc','Peru',1,1,1,'CONTRATADO','Tiempo Parcial',12,6,18,1,0,'4','civil','rosa_aguirre@usmp.pe',999843343,NULL,'2017-09-25 23:29:58',1,1,0,1),(8,6,87654324,'Alarco','Jer','Iv','Peru','2010-04-16',1,'Doctor','Bachiller en Ciencias','Usmp','Peru',1,1,1,'CONTRATADO','Tiempo Parcial',12,6,18,1,1,'4','industrial','ivan_alarco@usmp.pe',998433433,NULL,'2017-09-25 23:29:58',0,1,0,0),(9,7,87654325,'Alarcon','Centti','Jose','Peru','2010-05-16',1,'Doctor','Bachiller en Economia','Usmp','Peru',1,1,1,'CONTRATADO','Tiempo Parcial',12,6,18,1,0,'4','sistemas','jose_alarcon@usmp.pe',998433433,NULL,'2017-09-25 23:29:58',1,1,0,1),(10,8,87654326,'Alegria','Vidal','Rosa Mercedes','Peru','2010-06-16',1,'Doctor','Bachiller en Ciencias','Upc','Peru',1,1,1,'CONTRATADO','Tiempo Parcial',12,6,18,1,1,'4','civil','rosa_alegria@usmp.pe',999843343,NULL,'2017-09-25 23:29:58',0,1,0,0),(11,9,87654327,'Alferrano','Donofrio','Mirtha','Peru','2010-07-16',1,'Doctor','Bachiller en Ciencias','Utp','Peru',1,1,1,'CONTRATADO','Tiempo Parcial',12,6,18,1,0,'4','arquitectura','mirtha_alferrano@usmp.pe',909848343,NULL,'2017-09-25 23:29:58',1,1,0,0),(12,10,87654328,'Ambia','Rebatta','Hugo Paulino','Peru','2010-08-16',1,'Doctor','Bachiller en Derecho','Upc','Peru',1,1,1,'CONTRATADO','Tiempo Parcial',12,6,18,1,0,'4','sistemas','hugo_ambia@usmp.pe',999843343,NULL,'2017-09-25 23:29:58',0,1,1,0),(13,11,87654329,'Amoros','Figueroa','Rodrigo','Peru','2010-09-16',1,'Doctor','Bachiller en Ciencias','Unmsm','Peru',1,1,1,'CONTRATADO','Tiempo Parcial',12,6,18,1,1,'4','industrial','rodrigo_amoros@usmp.pe',940233222,NULL,'2017-09-25 23:29:58',1,0,0,1),(14,12,87654311,'A','Gomez Sanchez','Roberto Enrique','Peru','2010-10-16',1,'Doctor','Bachiller en Ciencias','Upc','Peru',1,1,1,'CONTRATADO','Tiempo Parcial',12,6,18,1,1,'4','industrial','roberto_a',909883233,NULL,'2017-09-25 23:29:58',0,1,1,1),(15,13,87654331,'Ara','Rojas','Silvia Liliana','Peru','2010-11-16',1,'Doctor','Bachiller en Educacion','Utp','Peru',1,1,1,'CONTRATADO','Tiempo Parcial',12,6,18,1,1,'4','arquitectura','silvia_ara@usmp.pe',990903232,NULL,'2017-09-25 23:29:58',1,1,1,0),(16,14,87654341,'Arrieta','Freyre','Javier Eduardo','Peru','2010-12-16',1,'Doctor','Bachiller en Ciencias','Upc','Peru',1,1,1,'CONTRATADO','Tiempo Parcial',12,6,18,1,0,'4','sistemas','javier_arrieta@usmp.pe',998888434,NULL,'2017-09-25 23:29:58',0,0,1,0),(17,15,87654351,'Arrieta','Taboada','Amanda','Peru','2010-03-01',1,'Doctor','Bachiller en Ciencias','Uni','Peru',1,1,1,'CONTRATADO','Tiempo Parcial',12,6,18,1,0,'4','sistemas','amanda_arrieta@usmp.pe',990903232,NULL,'2017-09-25 23:29:58',1,1,0,0),(18,16,87654361,'Arriola','Guevara','Luis Alberto','Peru','2010-03-02',1,'Doctor','Bachiller en Ciencias','Uni','Peru',1,1,1,'CONTRATADO','Tiempo Parcial',12,6,18,1,1,'4','civil','luis_arriola@usmp.pe',990903232,NULL,'2017-09-25 23:29:58',0,1,0,0),(19,17,87654371,'Bacigalupo','Olivari','Miguel Angel','Peru','2010-03-03',1,'Doctor','Bachiller en Ciencias','Upc','Peru',1,1,1,'CONTRATADO','Tiempo Parcial',12,6,18,1,1,'4','arquitectura','miguel_bacigalupo@usmp.pe',990903232,NULL,'2017-09-25 23:29:58',1,1,0,0),(20,18,87654381,'Balcazar','Hernandez','Yudy','Peru','2010-03-04',1,'Doctor','Bachiller en Ciencias','Usmp','Peru',1,1,1,'CONTRATADO','Tiempo Parcial',12,6,18,1,0,'4','aeronauticas','yudi_balcazar@usmp.pe',990903232,NULL,'2017-09-25 23:29:58',0,1,0,0),(21,19,87654391,'Ballena','Gonzales','Manuel','Peru','2010-03-05',1,'Doctor','Bachiller en Ciencias','Usmp','Peru',1,1,1,'CONTRATADO','Tiempo Parcial',12,6,18,1,0,'4','industrial','manuel_ballena@usmp.pe',990903232,NULL,'2017-09-25 23:29:58',0,0,0,1),(22,20,87654301,'Balta','Rospliglosi','Manuel Valeriano','Peru','2010-03-06',1,'Doctor','Bachiller en Ciencias','Upc','Peru',1,1,1,'CONTRATADO','Tiempo Parcial',12,6,18,1,1,'4','civil','manuel_balta@usmp.pe',990903232,NULL,'2017-09-25 23:29:58',1,1,0,1),(23,21,87654121,'Balta','Vargas-Machuca','Manuel','Peru','2010-03-07',1,'Doctor','Bachiller en Ciencias','Usmp','Peru',1,1,1,'CONTRATADO','Tiempo Parcial',12,6,18,1,0,'4','civil','manuel_balta@usmp.pe',990903232,NULL,'2017-09-25 23:29:58',1,1,0,1),(24,22,87654221,'Barnet','Champommier','Yann Oliver','Peru','2010-03-08',1,'Doctor','Bachiller en Ciencias','Upc','Peru',1,1,1,'CONTRATADO','Tiempo Parcial',12,6,18,1,1,'4','industrial','yann_barnet@usmp.pe',988434334,NULL,'2017-09-25 23:29:58',1,1,0,1),(25,23,87654421,'Barnett','Mendoza','Edy Dalmiro','Peru','2010-03-09',1,'Doctor','Bachiller en Ciencias','Usmp','Peru',1,1,1,'CONTRATADO','Tiempo Parcial',12,6,18,1,1,'4','sistemas','edy_barnett@usmp.pe',990909900,NULL,'2017-09-25 23:29:58',0,1,0,0),(26,24,87654521,'Barrantes','Mann','Luis Alfonso','Peru','2010-03-10',1,'Doctor','Bachiller en Ciencias','Upc','Peru',1,1,1,'CONTRATADO','Tiempo Parcial',12,6,18,1,0,'4','sistemas','luis_barrantes@usmp.pe',988742323,NULL,'2017-09-25 23:29:58',0,1,0,0),(27,25,87654621,'Barraza','Salguero','Victor Eduardo','Peru','2010-03-11',1,'Doctor','Bachiller en Ciencias','Utp','Peru',1,1,1,'CONTRATADO','Tiempo Parcial',12,6,18,1,0,'4','civil','victor_barraza@usmp.pe',999032322,NULL,'2017-09-25 23:29:58',1,1,0,0),(28,26,87654721,'Barreto','Bardales','Tomas Fernando','Peru','2010-03-12',1,'Doctor','Bachiller en Ciencias','ULima','Peru',1,1,1,'CONTRATADO','Tiempo Parcial',12,6,18,1,1,'4','industrial','tomas_barreto@usmp.pe',990923233,NULL,'2017-09-25 23:29:58',1,1,0,1),(29,27,87654821,'Basile','Migliore','Jose Antonio','Peru','2010-03-20',1,'Doctor','Bachiller en Ciencias','Uni','Peru',1,1,1,'CONTRATADO','Tiempo Parcial',12,6,18,1,0,'4','arquitectura','jose_bacile@usmp.pe',902388232,NULL,'2017-09-25 23:29:58',1,1,0,0),(30,28,87654921,'Bayona','Ore','Luz Sussy','Peru','2010-03-21',1,'Doctor','Bachiller en Ciencias','Uni','Peru',1,1,1,'CONTRATADO','Tiempo Parcial',12,6,18,1,1,'4','arquitectura','luz_bayona@usmp.pe',900232222,NULL,'2017-09-25 23:29:58',1,1,1,0),(31,29,87654021,'Becerra','Pacherres','Augusto Oscar','Peru','2010-03-22',1,'Doctor','Bachiller en Ciencias','Upc','Peru',1,1,1,'CONTRATADO','Tiempo Parcial',12,6,18,1,1,'4','sistemas','augusto_becerra@usmp.pe',999332322,NULL,'2017-09-25 23:29:58',1,0,1,0),(32,30,87651321,'Bedia','Guillen','Ciro Sergio','Peru','2010-03-23',1,'Doctor','Bachiller en Ciencias','Upc','Peru',1,1,1,'CONTRATADO','Tiempo Parcial',12,6,18,1,0,'4','sistemas','ciro_bedia@usmp.pe',990903232,NULL,'2017-09-25 23:29:58',0,0,1,0),(33,31,87652321,'Benavente','Villena','Maria Elena','Peru','2010-03-24',1,'Doctor','Bachiller en Ciencias','Upc','Peru',1,1,1,'CONTRATADO','Tiempo Parcial',12,6,18,1,1,'4','civil','maria_benavente@usmp.pe',990903232,NULL,'2017-09-25 23:29:58',1,0,1,0),(34,32,87653321,'Benites','Gonzales','Willian Sergio','Peru','2010-03-25',1,'Doctor','Bachiller en Ciencias','Upc','Peru',1,1,1,'CONTRATADO','Tiempo Parcial',12,6,18,1,0,'4','sistemas','william_benitez@usmp.pe',999323233,NULL,'2017-09-25 23:29:58',0,1,1,0),(35,33,87655321,'Benites','Vilela','Luis Fernando','Peru','2010-03-26',1,'Doctor','Bachiller en Ciencias','Upc','Peru',1,1,1,'CONTRATADO','Tiempo Parcial',12,6,18,1,1,'4','sistemas','luis_benitez@usmp.pe',988584232,NULL,'2017-09-25 23:29:58',0,1,0,0),(36,34,87656321,'Bernabel','Liza','Ana Maria','Peru','2010-03-27',1,'Doctor','Bachiller en Ciencias','Upc','Peru',1,1,1,'CONTRATADO','Tiempo Parcial',12,6,18,1,0,'4','civil','ana_bernabel@usmp.pe',990903232,NULL,'2017-09-25 23:29:58',1,1,0,0),(37,35,87657321,'Bernal','Ortiz','Carlos Adolfo','Peru','2010-03-28',1,'Doctor','Bachiller en Ciencias','Upc','Peru',1,1,1,'CONTRATADO','Tiempo Parcial',12,6,18,1,1,'4','arquitectura','carlos_bernal@usmp.pe',990903232,NULL,'2017-09-25 23:29:58',1,1,0,0),(38,36,87658321,'Bernuy','Alva','Augusto Ernesto','Peru','2010-03-29',1,'Doctor','Bachiller en Ciencias','Upc','Peru',1,1,1,'CONTRATADO','Tiempo Parcial',12,6,18,1,1,'4','sistemas','augusto_bernuv@usmp.pe',990903232,NULL,'2017-09-25 23:29:58',0,1,0,0),(39,37,87659321,'Bertolotti','Zu','Carmen Rosa','Peru','2010-03-30',1,'Doctor','Bachiller en Ciencias','Upc','Peru',1,1,1,'CONTRATADO','Tiempo Parcial',12,6,18,1,1,'4','sistemas','carmen_bertolotti@usmp.pe',990903232,NULL,'2017-09-25 23:29:58',0,1,0,0),(40,38,87650321,'Bezada','Sanchez','Cesar Alfredo','Peru','2011-03-16',1,'Doctor','Bachiller en Ciencias','Upc','Peru',1,1,1,'CONTRATADO','Tiempo Parcial',12,6,18,1,0,'4','civil','cesar_bezada@usmp.pe',990903232,NULL,'2017-09-25 23:29:58',1,1,0,0),(41,39,87614321,'Blanco','Zu','Yvan','Peru','2012-03-16',1,'Doctor','Bachiller en Ciencias','Unmsm','Peru',1,1,1,'CONTRATADO','Tiempo Parcial',12,6,18,1,0,'4','sistemas','yvan_blanco@usmp.pe',988993232,NULL,'2017-09-25 23:29:58',1,1,0,0),(42,40,87624321,'Bocangel','Weydert','Guillermo Augusto','Peru','2013-03-16',1,'Doctor','Bachiller en Ciencias','Upc','Peru',1,1,1,'CONTRATADO','Tiempo Parcial',12,6,18,1,1,'4','civil','guillermo_bocangel@usmp.pe',988993232,NULL,'2017-09-25 23:29:58',1,1,0,0),(43,41,87634321,'Buendia','Rios','Hildebrando','Peru','2014-03-16',1,'Doctor','Bachiller en Ciencias','Upc','Peru',1,1,1,'CONTRATADO','Tiempo Parcial',12,6,18,1,1,'4','sistemas','hildebrando_buendia@usmp.pe',988993232,NULL,'2017-09-25 23:29:58',0,1,0,0),(44,42,87644321,'Bustos','Diaz','Silverio','Peru','2015-03-16',1,'Doctor','Bachiller en Ciencias','Upc','Peru',1,1,1,'CONTRATADO','Tiempo Parcial',12,6,18,1,1,'4','arquitectura','silverio_bustos@usmp.pe',990903232,NULL,'2017-09-25 23:29:58',1,1,1,0),(45,43,87664321,'Cabrera','Iturria','Ricardo','Peru','2016-03-16',1,'Doctor','Bachiller en Ciencias','Utp','Peru',1,1,1,'CONTRATADO','Tiempo Parcial',12,6,18,1,0,'4','arquitectura','ricardo_cabrera@usmp.pe',988993232,NULL,'2017-09-25 23:29:58',1,1,1,0),(46,44,87674321,'Caceres','Echegaray','Hector Alejandro','Peru','2009-03-16',1,'Doctor','Bachiller en Ciencias','Upc','Peru',1,1,1,'CONTRATADO','Tiempo Parcial',12,6,18,1,0,'4','industrial','hector_caceres@usmp.pe',988993232,NULL,'2017-09-25 23:29:58',1,1,0,0),(47,45,87684321,'Caceres','Lampen','Manuel Alejandro','Peru','2008-03-16',1,'Doctor','Bachiller en Ciencias','Upc','Peru',1,1,1,'CONTRATADO','Tiempo Parcial',12,6,18,1,1,'4','arquitectura','manuel_caceres@usmp.pe',988993232,NULL,'2017-09-25 23:29:58',1,1,0,0),(48,46,87694321,'Calderon','Caceres','Jose Luis','Peru','2007-03-16',1,'Doctor','Bachiller en Ciencias','Upc','Peru',1,1,1,'CONTRATADO','Tiempo Parcial',12,6,18,1,0,'4','sistemas','jose_calderon@usmp.pe',988993232,NULL,'2017-09-25 23:29:58',0,1,0,0),(49,47,87604321,'Campos','Perez','Rosalvina','Peru','2006-03-16',1,'Doctor','Bachiller en Ciencias','Usmp','Peru',1,1,1,'CONTRATADO','Tiempo Parcial',12,6,18,1,1,'4','sistemas','rosalvina_campos@usmp.pe',990903232,NULL,'2017-09-25 23:29:58',1,1,0,0),(50,48,87154321,'Cano','Tejada','Jose Antonio','Peru','2005-03-16',1,'Doctor','Bachiller en Ciencias','Upc','Peru',1,1,1,'CONTRATADO','Tiempo Parcial',12,6,18,1,1,'4','sistemas','jose_cano@usmp.pe',990932323,NULL,'2017-09-25 23:29:58',1,0,1,0),(51,49,87254321,'Caparachin','Chuquihuaraca','Jaime Santos','Peru','2004-03-16',1,'Doctor','Bachiller en Ciencias','Upc','Peru',1,1,1,'CONTRATADO','Tiempo Parcial',12,6,18,1,0,'4','arquitectura','jaime_caparachin@usmp.pe',998909012,NULL,'2017-09-25 23:29:58',1,1,0,1),(52,50,87354321,'Cardenas','Lucero','Luis','Peru','2003-03-16',1,'Doctor','Bachiller en Ciencias','Uni','Peru',1,1,1,'CONTRATADO','Tiempo Parcial',12,6,18,1,0,'4','industrial','luis_cardenas@usmp.pe',991212222,NULL,'2017-09-25 23:29:58',1,1,0,0),(53,51,87454321,'Cardenas','Martinez','Jose Antonio','Peru','2002-03-16',1,'Doctor','Bachiller en Ciencias','Upc','Peru',1,1,1,'CONTRATADO','Tiempo Parcial',12,6,18,1,0,'4','industrial','jose_cardenas@usmp.pe',998909012,NULL,'2017-09-25 23:29:58',0,1,0,0),(54,52,87554321,'Cardenas','Zavala','Germain Leonardo','Peru','2001-03-16',1,'Doctor','Bachiller en Ciencias','Upc','Peru',1,1,1,'CONTRATADO','Tiempo Parcial',12,6,18,1,0,'4','arquitectura','germain_cardenas@usmp.pe',991210212,NULL,'2017-09-25 23:29:58',1,1,0,0),(55,53,87754321,'Carpio','Delgado','Guitter Guillermo','Peru','2000-03-16',1,'Doctor','Bachiller en Ciencias','Upc','Peru',1,1,1,'CONTRATADO','Tiempo Parcial',12,6,18,1,0,'4','industrial','guitter_carpio@usmp.pe',990932323,NULL,'2017-09-25 23:29:58',0,0,1,0),(56,54,87854321,'Casavilca','Maldonado','Edmundo','Peru','2010-04-01',1,'Doctor','Bachiller en Ciencias','Upc','Peru',1,1,1,'CONTRATADO','Tiempo Parcial',12,6,18,1,1,'4','civil','edmundo_casavilca@usmp.pe',923212122,NULL,'2017-09-25 23:29:58',1,0,1,1),(57,55,87954321,'Castillo','Cavero','Rodolfo','Peru','2010-04-02',1,'Doctor','Bachiller en Ciencias','ULima','Peru',1,1,1,'CONTRATADO','Tiempo Parcial',12,6,18,1,1,'4','industrial','rodolfo_castillo@usmp.pe',998909012,NULL,'2017-09-25 23:29:58',1,1,0,0),(58,56,87054321,'Castillo','Sini','Gustavo Alejandro','Peru','2010-04-03',1,'Doctor','Bachiller en Ciencias','Upc','Peru',1,1,1,'CONTRATADO','Tiempo Parcial',12,6,18,1,1,'4','arquitectura','gustavo_castillo@usmp.pe',942323223,NULL,'2017-09-25 23:29:58',1,1,0,1),(59,57,81654321,'Castro','Salazar','Fredy Adan','Peru','2010-04-04',1,'Doctor','Bachiller en Ciencias','Usmp','Peru',1,1,1,'CONTRATADO','Tiempo Parcial',12,6,18,1,0,'4','civil','freddy_castro@usmp.pe',990932323,NULL,'2017-09-25 23:29:58',0,1,0,1),(60,58,82654321,'Cata','Espinoza','Humberto Daniel','Peru','2010-04-05',1,'Doctor','Bachiller en Ciencias','Upc','Peru',1,1,1,'CONTRATADO','Tiempo Parcial',12,6,18,1,0,'4','sistemas','humberto_cata',999392323,NULL,'2017-09-25 23:29:58',1,0,0,0),(61,59,83654321,'Ccoyure','Tito','Ricardo Wilber','Peru','2010-04-06',1,'Doctor','Bachiller en Ciencias','Upc','Peru',1,1,1,'CONTRATADO','Tiempo Parcial',12,6,18,1,1,'4','sistemas','ricardo_ccoyure@usmp.pe',998909012,NULL,'2017-09-25 23:29:58',0,1,0,0),(62,60,84654321,'Celi','Saavedra','Luis','Peru','2010-04-07',1,'Doctor','Bachiller en Ciencias','Usmp','Peru',1,1,1,'CONTRATADO','Tiempo Parcial',12,6,18,1,0,'4','arquitectura','luis_celi@usmp.pe',990903232,NULL,'2017-09-25 23:29:58',0,1,0,0),(63,61,85654321,'Cerdan','Chavarri','Mario Wilbe','Peru','2010-04-08',1,'Doctor','Bachiller en Ciencias','Upc','Peru',1,1,1,'CONTRATADO','Tiempo Parcial',12,6,18,1,1,'4','arquitectura','mario_cerdan@usmp.pe',990932323,NULL,'2017-09-25 23:29:58',1,0,1,1),(64,62,86654321,'Cerpa','Espinosa','David','Peru','2010-04-09',1,'Doctor','Bachiller en Ciencias','Ucv','Peru',1,1,1,'CONTRATADO','Tiempo Parcial',12,6,18,1,0,'4','arquitectura','david_cerpa@usmp.pe',990903232,NULL,'2017-09-25 23:29:58',1,1,1,0),(65,63,88654321,'Cerron','Ruiz','Eulogio','Peru','2010-04-10',1,'Doctor','Bachiller en Ciencias','Uap','Peru',1,1,1,'CONTRATADO','Tiempo Parcial',12,6,18,1,1,'4','civil','eulogio_cerron@usmp.pe',998909012,NULL,'2017-09-25 23:29:58',0,1,1,0),(66,64,89654321,'Cevallos','Echevarria','Alejandro Nestor','Peru','2010-04-11',1,'Doctor','Bachiller en Ciencias','Upc','Peru',1,1,1,'CONTRATADO','Tiempo Parcial',12,6,18,1,1,'4','industrial','alejandro_cevallos@usmp.pe',998909012,NULL,'2017-09-25 23:29:58',0,0,1,0),(67,65,80654321,'Chacon','Moscoso','Hugo Liu','Peru','2010-04-12',1,'Doctor','Bachiller en Ciencias','Upc','Peru',1,1,1,'CONTRATADO','Tiempo Parcial',12,6,18,1,0,'4','civil','hugo_chacon@usmp.pe',990932323,NULL,'2017-09-25 23:29:58',1,1,1,0),(68,66,17654321,'Chanca','Cortez','Luis Manuel','Peru','2010-04-13',1,'Doctor','Bachiller en Ciencias','Utp','Peru',1,1,1,'CONTRATADO','Tiempo Parcial',12,6,18,1,1,'4','sistemas','luis_chanca@usmp.pe',998434344,NULL,'2017-09-25 23:29:58',1,1,1,0),(69,67,27654321,'Chavarry','Vallejos','Carlos Magno','Peru','2010-04-14',1,'Doctor','Bachiller en Ciencias','Upc','Peru',1,1,1,'CONTRATADO','Tiempo Parcial',12,6,18,1,1,'4','sistemas','carlos_chavarry@usmp.pe',990903232,NULL,'2017-09-25 23:29:58',1,1,0,1),(70,68,37654321,'Chavez','Rodriguez','Michael Jesus','Peru','2010-04-15',1,'Doctor','Bachiller en Ciencias','Usmp','Peru',1,1,1,'CONTRATADO','Tiempo Parcial',12,6,18,1,1,'4','sistemas','miguel_chavez@usmp.pe',990932323,NULL,'2017-09-25 23:29:58',1,1,0,1),(71,69,47654321,'Cieza','Davila','Javier Eduardo','Peru','2010-04-17',1,'Doctor','Bachiller en Ciencias','Usmp','Peru',1,1,1,'CONTRATADO','Tiempo Parcial',12,6,18,1,1,'4','sistemas','javier_cieza@usmp.pe',998328323,NULL,'2017-09-25 23:29:58',1,1,0,1),(72,70,57654321,'Consigliere','Cevasco','Luis Ricardo','Peru','2010-04-18',1,'Doctor','Bachiller en Ciencias','Upc','Peru',1,1,1,'CONTRATADO','Tiempo Parcial',12,6,18,1,1,'4','arquitectura','luis_consiglieri@usmp.pe',990932323,NULL,'2017-09-25 23:29:58',0,1,1,0),(73,71,67654321,'Contreras','Villarreal','Luis Wilfredo','Peru','2010-04-19',1,'Doctor','Bachiller en Ciencias','ULima','Peru',1,1,1,'CONTRATADO','Tiempo Parcial',12,6,18,1,0,'4','industrial','luis_contreras@usmp.pe',990932323,NULL,'2017-09-25 23:29:58',1,0,1,0),(74,72,77654321,'Cortez','Silva','Dimas Antonio','Peru','2010-04-20',1,'Doctor','Bachiller en Ciencias','Unmsm','Peru',1,1,1,'CONTRATADO','Tiempo Parcial',12,6,18,1,0,'4','industrial','dimes_cortes@usmp.pe',998328323,NULL,'2017-09-25 23:29:58',0,1,1,0),(75,73,97654321,'Cuadros','Ricra','Ruben Dario','Peru','2010-04-21',1,'Doctor','Bachiller en Ciencias','Upc','Peru',1,1,1,'CONTRATADO','Tiempo Parcial',12,6,18,1,0,'4','industrial','ruben_cuadros@usmp.pe',990932323,NULL,'2017-09-25 23:29:58',0,1,0,0),(76,74,7654321,'De La Vega','Picoaga','Fresia','Peru','2010-04-22',1,'Doctor','Bachiller en Ciencias','Usmp','Peru',1,1,1,'CONTRATADO','Tiempo Parcial',12,6,18,1,0,'4','arquitectura','grecia_delavega@usmp.pe',998999888,NULL,'2017-09-25 23:29:58',0,1,0,0),(77,75,84654321,'De La Torre','Puente','Maria Elena','Peru','2010-04-23',1,'Doctor','Bachiller en Ciencias','Upc','Peru',1,1,1,'CONTRATADO','Tiempo Parcial',12,6,18,1,1,'4','arquitectura','maria_delatorre@usmp.pe',998328323,NULL,'2017-09-25 23:29:58',1,1,0,0),(78,76,87954321,'De Los Rios','Hermoza','Justo Rafael','Peru','2010-04-24',1,'Doctor','Bachiller en Ciencias','Utp','Peru',1,1,1,'CONTRATADO','Tiempo Parcial',12,6,18,1,0,'4','arquitectura','justo_delosrios@usmp.pe',990932323,NULL,'2017-09-25 23:29:58',0,1,0,0),(79,77,81554321,'De Olarte','Tristan','Jorge Luis','Peru','2010-04-25',1,'Doctor','Bachiller en Ciencias','Usmp','Peru',1,1,1,'CONTRATADO','Tiempo Parcial',12,6,18,1,1,'4','industrial','jorge_deolarte@usmp.pe',998999888,NULL,'2017-09-25 23:29:58',0,1,0,0),(80,78,82154321,'Del Carpio','Damian','Christian Carlos','Peru','2010-04-26',1,'Doctor','Bachiller en Ciencias','Upc','Peru',1,1,1,'CONTRATADO','Tiempo Parcial',12,6,18,1,0,'4','civil','christian_delcarpio@usmp.pe',998328323,NULL,'2017-09-25 23:29:58',0,1,0,0),(81,79,82254321,'Diaz','Tejada','Gabriel Eduardo','Peru','2010-04-27',1,'Doctor','Bachiller en Ciencias','Upc','Peru',1,1,1,'CONTRATADO','Tiempo Parcial',12,6,18,1,0,'4','industrial','gabriel_diaz@usmp.pe',990932323,NULL,'2017-09-25 23:29:58',1,1,0,0),(82,80,82354321,'Dur','Ramirez','Gary Gary','Peru','2010-04-28',1,'Doctor','Bachiller en Ciencias','Upc','Peru',1,1,1,'CONTRATADO','Tiempo Parcial',12,6,18,1,1,'4','arquitectura','gary_duran@usmp.pe',998999888,NULL,'2017-09-25 23:29:58',0,0,1,0),(83,81,82454321,'Egoavil','La Torre','Victor Raul','Peru','2010-04-29',1,'Doctor','Bachiller en Ciencias','Upc','Peru',1,1,1,'CONTRATADO','Tiempo Parcial',12,6,18,1,1,'4','civil','victor_egoavil@usmp.pe',998328323,NULL,'2017-09-25 23:29:58',0,0,1,0),(84,82,82554321,'Elaez','Cisneros','Eliazaf Guillermo','Peru','2010-04-30',1,'Doctor','Bachiller en Ciencias','Upc','Peru',1,1,1,'CONTRATADO','Tiempo Parcial',12,6,18,1,0,'4','arquitectura','eliazaf_elaes@usmp.pe',990932323,NULL,'2017-09-25 23:29:58',0,0,1,0),(85,83,82654321,'Enriquez','Quinde','Benjamin Carlos','Peru','2010-05-01',1,'Doctor','Bachiller en Ciencias','Upc','Peru',1,1,1,'CONTRATADO','Tiempo Parcial',12,6,18,1,1,'4','industrial','benjamin_enriquez@usmp.pe',998999888,NULL,'2017-09-25 23:29:58',1,1,0,0),(86,84,82754321,'Esparza','Castillo','Olenka','Peru','2010-05-02',1,'Doctor','Bachiller en Ciencias','Upc','Peru',1,1,1,'CONTRATADO','Tiempo Parcial',12,6,18,1,0,'4','arquitectura','olenka_esparza@usmp.pe',998328323,NULL,'2017-09-25 23:29:58',0,1,0,0),(87,85,82854321,'Estela','Benavides','Bertha','Peru','2010-05-03',1,'Doctor','Bachiller en Ciencias','Upc','Peru',1,1,1,'CONTRATADO','Tiempo Parcial',12,6,18,1,0,'4','industrial','bertha_estela@usmp.pe',990932323,NULL,'2017-09-25 23:29:58',0,1,1,0),(88,86,82954321,'Falcon','Soto','Arnaldo','Peru','2010-05-04',1,'Doctor','Bachiller en Ciencias','Upc','Peru',1,1,1,'CONTRATADO','Tiempo Parcial',12,6,18,1,0,'4','industrial','arnaldo_falcon@usmp.pe',998999888,NULL,'2017-09-25 23:29:58',1,1,0,1),(89,87,83054321,'Fano','Miranda','Gonzalo','Peru','2010-05-05',1,'Doctor','Bachiller en Ciencias','Upc','Peru',1,1,1,'CONTRATADO','Tiempo Parcial',12,6,18,1,1,'4','industrial','gonzalo_fano@usmp.pe',998328323,NULL,'2017-09-25 23:29:58',1,1,0,0),(90,88,83154321,'Figueroa','Lezama','Rafael','Peru','2010-05-06',1,'Doctor','Bachiller en Ciencias','Upc','Peru',1,1,1,'CONTRATADO','Tiempo Parcial',12,6,18,1,0,'4','civil','rafael_figueroa@usmp.pe',990932323,NULL,'2017-09-25 23:29:58',0,1,0,0),(91,89,83254321,'Figueroa','Revilla','Jorge Martin','Peru','2010-05-07',1,'Doctor','Bachiller en Ciencias','Upc','Peru',1,1,1,'CONTRATADO','Tiempo Parcial',12,6,18,1,0,'4','industrial','rafael_figueroa@usmp.pe',998999888,NULL,'2017-09-25 23:29:58',0,1,0,0),(92,90,83354321,'Florian','Castillo','Tulio Elias','Peru','2010-05-08',1,'Doctor','Bachiller en Ciencias','Upc','Peru',1,1,1,'CONTRATADO','Tiempo Parcial',12,6,18,1,1,'4','civil','rafael_figueroa@usmp.pe',998999888,NULL,'2017-09-25 23:29:58',1,1,0,1),(93,91,83454321,'Fuentes','Flores','Maximo','Peru','2010-05-09',1,'Doctor','Bachiller en Ciencias','Upc','Peru',1,1,1,'CONTRATADO','Tiempo Parcial',12,6,18,1,1,'4','sistemas','rafael_figueroa@usmp.pe',998328323,NULL,'2017-09-25 23:29:58',0,1,0,1),(94,92,83554321,'Galindo','Guerra','Gary Joseph Loui','Peru','2010-05-10',1,'Doctor','Bachiller en Ciencias','Upc','Peru',1,1,1,'CONTRATADO','Tiempo Parcial',12,6,18,1,0,'4','industrial','javier_gamboa@usmp.pe',990932323,NULL,'2017-09-25 23:29:58',1,1,0,0),(95,93,83654321,'Gallegos','Valderrama','Meriedi','Peru','2010-05-11',1,'Doctor','Bachiller en Ciencias','Upc','Peru',1,1,1,'CONTRATADO','Tiempo Parcial',12,6,18,1,0,'4','sistemas','javier_gamboa@usmp.pe',998999888,NULL,'2017-09-25 23:29:58',1,1,0,0),(96,94,83754321,'Galloso','Gentile','Alberto Cesar','Peru','2010-05-12',1,'Doctor','Bachiller en Ciencias','Upc','Peru',1,1,1,'CONTRATADO','Tiempo Parcial',12,6,18,1,1,'4','sistemas','javier_gamboa@usmp.pe',998999888,NULL,'2017-09-25 23:29:58',0,1,0,0),(97,95,83854321,'Gamarra','Villacorta','Raul','Peru','2010-05-13',1,'Doctor','Bachiller en Ciencias','Usmp','Peru',1,1,1,'CONTRATADO','Tiempo Parcial',12,6,18,1,0,'4','industrial','raul_gamarra@usmp.pe',998328323,NULL,'2017-09-25 23:29:58',0,0,1,1),(98,96,83954321,'Gamboa','Cruzado','Javier Arturo','Peru','2010-05-14',1,'Doctor','Bachiller en Ciencias','Upc','Peru',1,1,1,'CONTRATADO','Tiempo Parcial',12,6,18,1,1,'4','sistemas','javier_gamboa@usmp.pe',990932323,NULL,'2017-09-25 23:29:58',0,0,1,0),(99,97,84054321,'Gamero','Rengifo','Luis Fernando','Peru','2010-05-18',1,'Doctor','Bachiller en Ciencias','Usmp','Peru',1,1,1,'CONTRATADO','Tiempo Parcial',12,6,18,1,0,'4','sistemas','cesar_garcia@usmp.pe',998999888,NULL,'2017-09-25 23:29:58',1,1,0,0),(100,98,84154321,'Garcia','Farje','Ruben Osvaldo','Peru','2010-05-17',1,'Doctor','Bachiller en Ciencias','ULima','Peru',1,1,1,'CONTRATADO','Tiempo Parcial',12,6,18,1,1,'4','sistemas','cesar_garcia@usmp.pe',998328323,NULL,'2017-09-25 23:29:58',1,1,1,0),(101,99,84254321,'Garcia','Flores','Elva Nelly','Peru','2010-05-19',1,'Doctor','Bachiller en Ciencias','Upc','Peru',1,1,1,'CONTRATADO','Tiempo Parcial',12,6,18,1,0,'4','industrial','cesar_garcia@usmp.pe',998999888,NULL,'2017-09-25 23:29:58',0,1,0,0),(102,100,84354321,'Garcia','Guerra','Juan Diego','Peru','2010-05-20',1,'Doctor','Bachiller en Ciencias','Utp','Peru',1,1,1,'CONTRATADO','Tiempo Parcial',12,6,18,1,0,'4','industrial','cesar_garcia@usmp.pe',990932323,NULL,'2017-09-25 23:29:58',0,1,0,0),(103,101,84454321,'Garcia','Lorente','Cesar','Peru','2010-05-21',1,'Doctor','Bachiller en Ciencias','Usmp','Peru',1,1,1,'CONTRATADO','Tiempo Parcial',12,6,18,1,1,'4','civil','cesar_garcia@usmp.pe',998328323,NULL,'2017-09-25 23:29:58',0,1,0,0),(104,102,84554321,'Garcia','Nu','Luz Elena','Peru','2010-05-22',1,'Doctor','Bachiller en Ciencias','Unmsm','Peru',1,1,1,'CONTRATADO','Tiempo Parcial',12,6,18,1,0,'4','civil','luz_garcia@usmp.pe',998328323,NULL,'2017-09-25 23:29:58',1,1,0,0),(105,103,12365479,'Garcia','Sanchez','Marta Pamela','Peru','2008-03-13',1,'Maestr','Bachiller en Ciencias','Upn','Peru',0,1,1,'CONTRATADO','Tiempo Completo',15,8,23,1,1,'4','civil','martha_garcia@usmp.pe',998832323,NULL,'2017-09-25 23:29:58',1,1,0,0),(106,104,88888888,'Geronimo','Vasquez','Alfonso Herminio','Peru','2010-03-15',1,'Doctor','Bachiller en Arquitectura','Usil','Peru',1,1,1,'CONTRATADO','Tiempo Parcial',15,5,20,1,1,'4','sistemas','martha_garcia@usmp.pe',998832323,NULL,'2017-09-25 23:29:58',0,1,0,0),(107,105,11111111,'Gomero','Cordova','Eduardo Fernando','Peru','2003-03-14',0,'T','Bachiller en Econom','Ucv','Peru',1,1,1,'CONTRATADO','Tiempo Parcial',12,6,18,1,1,'4','arquitectura','martha_garcia@usmp.pe',998832323,NULL,'2017-09-25 23:29:58',0,1,0,0),(108,106,34532689,'Gonzales','Alva','Luis Eduardo','Peru','2010-03-13',1,'Maestr','Bachiller en Educaci','Upn','Peru',1,1,0,'CONTRATADO','Tiempo Completo',14,5,19,0,0,'4','sistemas','martha_garcia@usmp.pe',998832323,NULL,'2017-09-25 23:29:58',0,1,0,0),(109,107,99999999,'Gonzales','Chavesta','Celso','Peru','1999-03-16',1,'Maestro','Bachiller en Computaci','Uap','Peru',0,1,1,'CONTRATADO','Tiempo Parcial',13,5,18,1,0,'4','sistemas','martha_garcia@usmp.pe',990932323,NULL,'2017-09-25 23:29:58',1,1,0,0),(110,108,17893492,'Gonzales','Sanchez','Juan Julio','Peru','2007-03-10',1,'T','Bachiller en Derecho','Usil','Peru',1,1,1,'CONTRATADO','Tiempo Completo',12,8,20,1,0,'4','civil','alfonso_guzman@usmp.pe',998832323,NULL,'2017-09-25 23:29:58',0,1,0,0),(111,109,9431874,'Gonzalo','Silva','Eduardo Ramon','Peru','2004-03-20',1,'Doctor','Bachiller en Ciencias Matem','Uigv','Peru',1,1,1,'CONTRATADO','Tiempo Parcial',15,6,21,1,1,'4','industrial','alfonso_guzman@usmp.pe',990932323,NULL,'2017-09-25 23:29:58',0,1,1,0),(112,110,74073297,'Grandez','Pizarro','Waldy Mercedes','Peru','2012-03-23',1,'T','Bachiller en Econom','Upc','Peru',1,1,1,'CONTRATADO','Tiempo Parcial',12,6,18,1,1,'4','sistemas','alfonso_guzman@usmp.pe',990932323,NULL,'2017-09-25 23:29:58',0,0,1,0),(113,111,23148930,'Guerrero','Navarro','Raul Agustin','Peru','2005-03-13',1,'Doctor','Bachiller en Ciencias Contables','Usmp','Peru',1,1,1,'CONTRATADO','Tiempo Completo',15,6,21,1,0,'4','civil','alfonso_guzman@usmp.pe',990932323,NULL,'2017-09-25 23:29:58',1,0,1,0),(114,112,83704341,'Guzm','Tasayco','Alfonso','Peru','2010-03-18',1,'Maestro','Bachiller en Derecho','Upc','Peru',1,1,1,'CONTRATADO','Tiempo Parcial',12,6,18,1,1,'4','sistemas','martha_garcia@usmp.pe',990932323,NULL,'2017-09-25 23:29:58',0,1,1,0),(115,113,1010101,'Guzman','Rouviros','Julio Alejandro','Peru','2004-03-12',1,'Doctor','Bachiller en Ciencias','Utp','Peru',1,0,1,'CONTRATADO','Tiempo Parcial',13,6,19,1,0,'4','sistemas','martha_garcia@usmp.pe',990932323,NULL,'2017-09-25 23:29:58',0,1,0,0),(116,123,333333,'Abad','Escalante','Juan Carlos','Per','2010-02-15',1,'Doctor','Administraci','Usmp','Peru',1,0,1,'CONTRATADO','Tiempo Completo',16,4,20,1,1,'4','sistemas','martha_garcia@usmp.pe',990932323,'','2017-09-25 23:29:58',1,1,0,0),(117,1,12345678,'Abad','Escalante','Juan Carlos','Peru','2012-02-15',1,'Doctor','Administraci','Usmp','Peru',1,0,1,'CONTRATADO','Tiempo Completo',16,4,20,1,0,'4','arquitectura','william_acosta@usmp.pe',987728323,NULL,'2017-09-25 23:30:04',1,1,0,0),(118,2,87654321,'Acosta','Acosta','Willian Sergio','Peru','2010-03-16',1,'Doctor','Bachiller en Ciencias','Upc','Peru',1,1,1,'CONTRATADO','Tiempo Parcial',12,6,18,1,1,'4','arquitectura','luis_benitez@usmp.pe',909930222,NULL,'2017-09-25 23:30:04',1,1,0,0),(119,3,87654322,'Aguero','Martinez La Rosa','Julio Cesar','Peru','2010-03-17',0,'Titulo','Bachiller en Ciencias','Upc','Peru',1,1,0,'CONTRATADO','Tiempo Parcial',12,6,18,1,0,'4','sistemas','william_acosta@usmp.pe',998098222,NULL,'2017-09-25 23:30:04',0,1,0,0),(120,4,87654320,'Acu','Flores','Carlos Christian','Peru','2015-04-16',1,'Maestro','Bachiller en Biolog','Unmsm','Peru',1,1,1,'CONTRATADO','Tiempo Completo',10,2,12,1,1,'4','civil','carlos_acu',987728323,NULL,'2017-09-25 23:30:04',1,0,1,0),(121,5,87654323,'Aguirre','Medrano','Rosa Virginia','Peru','2009-03-17',1,'Doctor','Bachiller en Ciencias','Upc','Peru',1,1,1,'CONTRATADO','Tiempo Parcial',12,6,18,1,0,'4','arquitectura','luis_benitez@usmp.pe',998098222,NULL,'2017-09-25 23:30:04',0,0,1,0),(122,6,87654324,'Alarco','Jer','Iv','Peru','2010-04-16',1,'Doctor','Bachiller en Ciencias','Usmp','Peru',1,1,1,'CONTRATADO','Tiempo Parcial',12,6,18,1,1,'4','sistemas','william_acosta@usmp.pe',909930222,NULL,'2017-09-25 23:30:04',0,0,1,0),(123,7,87654325,'Alarcon','Centti','Jose','Peru','2010-05-16',1,'Doctor','Bachiller en Economia','Usmp','Peru',1,1,1,'CONTRATADO','Tiempo Parcial',12,6,18,1,1,'4','arquitectura','luis_benitez@usmp.pe',909930222,NULL,'2017-09-25 23:30:04',0,1,0,1),(124,8,87654326,'Alegria','Vidal','Rosa Mercedes','Peru','2010-06-16',1,'Doctor','Bachiller en Ciencias','Upc','Peru',1,1,1,'CONTRATADO','Tiempo Parcial',12,6,18,1,0,'4','civil','carlos_acu',987728323,NULL,'2017-09-25 23:30:04',1,1,0,1),(125,9,87654327,'Alferrano','Donofrio','Mirtha','Peru','2010-07-16',1,'Doctor','Bachiller en Ciencias','Utp','Peru',1,1,1,'CONTRATADO','Tiempo Parcial',12,6,18,1,0,'4','sistemas','carlos_acu',909930222,NULL,'2017-09-25 23:30:04',0,1,0,0),(126,10,87654328,'Ambia','Rebatta','Hugo Paulino','Peru','2010-08-16',1,'Doctor','Bachiller en Derecho','Upc','Peru',1,1,1,'CONTRATADO','Tiempo Parcial',12,6,18,1,0,'4','arquitectura','luis_benitez@usmp.pe',998098222,NULL,'2017-09-25 23:30:04',1,0,0,1),(127,11,87654329,'Amoros','Figueroa','Rodrigo','Peru','2010-09-16',1,'Doctor','Bachiller en Ciencias','Unmsm','Peru',1,1,1,'CONTRATADO','Tiempo Parcial',12,6,18,1,1,'4','civil','carlos_acu',987728323,NULL,'2017-09-25 23:30:04',1,1,0,0),(128,12,87654311,'A','Gomez Sanchez','Roberto Enrique','Peru','2010-10-16',1,'Doctor','Bachiller en Ciencias','Upc','Peru',1,1,1,'CONTRATADO','Tiempo Parcial',12,6,18,1,0,'4','arquitectura','william_acosta@usmp.pe',998098222,NULL,'2017-09-25 23:30:04',0,1,0,0),(129,13,87654331,'Ara','Rojas','Silvia Liliana','Peru','2010-11-16',1,'Doctor','Bachiller en Educacion','Utp','Peru',1,1,1,'CONTRATADO','Tiempo Parcial',12,6,18,1,0,'4','sistemas','carlos_acu',998098222,NULL,'2017-09-25 23:30:04',1,0,1,0),(130,14,87654341,'Arrieta','Freyre','Javier Eduardo','Peru','2010-12-16',1,'Doctor','Bachiller en Ciencias','Upc','Peru',1,1,1,'CONTRATADO','Tiempo Parcial',12,6,18,1,1,'4','industrial','luis_benitez@usmp.pe',987728323,NULL,'2017-09-25 23:30:04',0,0,1,0),(131,15,87654351,'Arrieta','Taboada','Amanda','Peru','2010-03-01',1,'Doctor','Bachiller en Ciencias','Uni','Peru',1,1,1,'CONTRATADO','Tiempo Parcial',12,6,18,1,0,'4','arquitectura','carlos_acu',998098222,NULL,'2017-09-25 23:30:04',0,1,1,0),(132,16,87654361,'Arriola','Guevara','Luis Alberto','Peru','2010-03-02',1,'Doctor','Bachiller en Ciencias','Uni','Peru',1,1,1,'CONTRATADO','Tiempo Parcial',12,6,18,1,1,'4','sistemas','william_acosta@usmp.pe',987728323,NULL,'2017-09-25 23:30:04',1,1,0,0),(133,17,87654371,'Bacigalupo','Olivari','Miguel Angel','Peru','2010-03-03',1,'Doctor','Bachiller en Ciencias','Upc','Peru',1,1,1,'CONTRATADO','Tiempo Parcial',12,6,18,1,0,'4','arquitectura','luis_benitez@usmp.pe',909930212,NULL,'2017-09-25 23:30:04',1,0,1,0),(134,18,87654381,'Balcazar','Hernandez','Yudy','Peru','2010-03-04',1,'Doctor','Bachiller en Ciencias','Usmp','Peru',1,1,1,'CONTRATADO','Tiempo Parcial',12,6,18,1,1,'4','sistemas','carlos_acu',909930212,NULL,'2017-09-25 23:30:04',0,1,0,0),(135,19,87654391,'Ballena','Gonzales','Manuel','Peru','2010-03-05',1,'Doctor','Bachiller en Ciencias','Usmp','Peru',1,1,1,'CONTRATADO','Tiempo Parcial',12,6,18,1,0,'4','industrial','luis_benitez@usmp.pe',998098222,NULL,'2017-09-25 23:30:04',1,1,0,0),(136,20,87654301,'Balta','Rospliglosi','Manuel Valeriano','Peru','2010-03-06',1,'Doctor','Bachiller en Ciencias','Upc','Peru',1,1,1,'CONTRATADO','Tiempo Parcial',12,6,18,1,0,'4','industrial','william_acosta@usmp.pe',987728323,NULL,'2017-09-25 23:30:04',0,1,1,0),(137,21,87654121,'Balta','Vargas-Machuca','Manuel','Peru','2010-03-07',1,'Doctor','Bachiller en Ciencias','Usmp','Peru',1,1,1,'CONTRATADO','Tiempo Parcial',12,6,18,1,0,'4','sistemas','carlos_acu',909930212,NULL,'2017-09-25 23:30:04',1,1,0,0),(138,22,87654221,'Barnet','Champommier','Yann Oliver','Peru','2010-03-08',1,'Doctor','Bachiller en Ciencias','Upc','Peru',1,1,1,'CONTRATADO','Tiempo Parcial',12,6,18,1,1,'4','industrial','luis_benitez@usmp.pe',909930212,NULL,'2017-09-25 23:30:04',0,0,0,1),(139,23,87654421,'Barnett','Mendoza','Edy Dalmiro','Peru','2010-03-09',1,'Doctor','Bachiller en Ciencias','Usmp','Peru',1,1,1,'CONTRATADO','Tiempo Parcial',12,6,18,1,0,'4','arquitectura','carlos_acu',909930212,NULL,'2017-09-25 23:30:04',0,0,0,1),(140,24,87654521,'Barrantes','Mann','Luis Alfonso','Peru','2010-03-10',1,'Doctor','Bachiller en Ciencias','Upc','Peru',1,1,1,'CONTRATADO','Tiempo Parcial',12,6,18,1,0,'4','industrial','william_acosta@usmp.pe',987728323,NULL,'2017-09-25 23:30:04',1,0,1,1),(141,25,87654621,'Barraza','Salguero','Victor Eduardo','Peru','2010-03-11',1,'Doctor','Bachiller en Ciencias','Utp','Peru',1,1,1,'CONTRATADO','Tiempo Parcial',12,6,18,1,1,'4','sistemas','luis_benitez@usmp.pe',909930212,NULL,'2017-09-25 23:30:04',0,1,0,0),(142,26,87654721,'Barreto','Bardales','Tomas Fernando','Peru','2010-03-12',1,'Doctor','Bachiller en Ciencias','ULima','Peru',1,1,1,'CONTRATADO','Tiempo Parcial',12,6,18,1,0,'4','industrial','carlos_acu',987728323,NULL,'2017-09-25 23:30:04',0,1,0,1),(143,27,87654821,'Basile','Migliore','Jose Antonio','Peru','2010-03-20',1,'Doctor','Bachiller en Ciencias','Uni','Peru',1,1,1,'CONTRATADO','Tiempo Parcial',12,6,18,1,0,'4','arquitectura','carlos_acu',998889322,NULL,'2017-09-25 23:30:04',0,1,0,0),(144,28,87654921,'Bayona','Ore','Luz Sussy','Peru','2010-03-21',1,'Doctor','Bachiller en Ciencias','Uni','Peru',1,1,1,'CONTRATADO','Tiempo Parcial',12,6,18,1,0,'4','aeronautica','william_acosta@usmp.pe',909930212,NULL,'2017-09-25 23:30:04',1,1,0,0),(145,29,87654021,'Becerra','Pacherres','Augusto Oscar','Peru','2010-03-22',1,'Doctor','Bachiller en Ciencias','Upc','Peru',1,1,1,'CONTRATADO','Tiempo Parcial',12,6,18,1,1,'4','sistemas','luis_benitez@usmp.pe',987728323,NULL,'2017-09-25 23:30:04',0,1,0,0),(146,30,87651321,'Bedia','Guillen','Ciro Sergio','Peru','2010-03-23',1,'Doctor','Bachiller en Ciencias','Upc','Peru',1,1,1,'CONTRATADO','Tiempo Parcial',12,6,18,1,0,'4','industrial','carlos_acu',909930212,NULL,'2017-09-25 23:30:04',0,1,1,0),(147,31,87652321,'Benavente','Villena','Maria Elena','Peru','2010-03-24',1,'Doctor','Bachiller en Ciencias','Upc','Peru',1,1,1,'CONTRATADO','Tiempo Parcial',12,6,18,1,0,'4','sistemas','william_acosta@usmp.pe',998889322,NULL,'2017-09-25 23:30:04',0,0,1,0),(148,32,87653321,'Benites','Gonzales','Willian Sergio','Peru','2010-03-25',1,'Doctor','Bachiller en Ciencias','Upc','Peru',1,1,1,'CONTRATADO','Tiempo Parcial',12,6,18,1,1,'4','aeronautica','luis_benitez@usmp.pe',987728323,NULL,'2017-09-25 23:30:04',1,0,0,1),(149,33,87655321,'Benites','Vilela','Luis Fernando','Peru','2010-03-26',1,'Doctor','Bachiller en Ciencias','Upc','Peru',1,1,1,'CONTRATADO','Tiempo Parcial',12,6,18,1,0,'4','aeronautica','luis_benitez@usmp.pe',987728323,NULL,'2017-09-25 23:30:04',1,0,1,1),(150,34,87656321,'Bernabel','Liza','Ana Maria','Peru','2010-03-27',1,'Doctor','Bachiller en Ciencias','Upc','Peru',1,1,1,'CONTRATADO','Tiempo Parcial',12,6,18,1,1,'4','arquitectura','ana_bernabel@usmp.pe',998889322,NULL,'2017-09-25 23:30:04',1,1,1,0),(151,35,87657321,'Bernal','Ortiz','Carlos Adolfo','Peru','2010-03-28',1,'Doctor','Bachiller en Ciencias','Upc','Peru',1,1,1,'CONTRATADO','Tiempo Parcial',12,6,18,1,0,'4','civil','william_acosta@usmp.pe',994884343,NULL,'2017-09-25 23:30:04',0,1,0,1),(152,36,87658321,'Bernuy','Alva','Augusto Ernesto','Peru','2010-03-29',1,'Doctor','Bachiller en Ciencias','Upc','Peru',1,1,1,'CONTRATADO','Tiempo Parcial',12,6,18,1,0,'4','',NULL,NULL,NULL,'2017-09-25 23:30:04',0,0,0,0),(153,37,87659321,'Bertolotti','Zu','Carmen Rosa','Peru','2010-03-30',1,'Doctor','Bachiller en Ciencias','Upc','Peru',1,1,1,'CONTRATADO','Tiempo Parcial',12,6,18,1,0,'4','',NULL,NULL,NULL,'2017-09-25 23:30:04',0,0,0,0),(154,38,87650321,'Bezada','Sanchez','Cesar Alfredo','Peru','2011-03-16',1,'Doctor','Bachiller en Ciencias','Upc','Peru',1,1,1,'CONTRATADO','Tiempo Parcial',12,6,18,1,0,'4','',NULL,NULL,NULL,'2017-09-25 23:30:04',0,0,0,0),(155,39,87614321,'Blanco','Zu','Yvan','Peru','2012-03-16',1,'Doctor','Bachiller en Ciencias','Unmsm','Peru',1,1,1,'CONTRATADO','Tiempo Parcial',12,6,18,1,0,'4','',NULL,NULL,NULL,'2017-09-25 23:30:04',0,0,0,0),(156,40,87624321,'Bocangel','Weydert','Guillermo Augusto','Peru','2013-03-16',1,'Doctor','Bachiller en Ciencias','Upc','Peru',1,1,1,'CONTRATADO','Tiempo Parcial',12,6,18,1,0,'4','',NULL,NULL,NULL,'2017-09-25 23:30:04',0,0,0,0),(157,41,87634321,'Buendia','Rios','Hildebrando','Peru','2014-03-16',1,'Doctor','Bachiller en Ciencias','Upc','Peru',1,1,1,'CONTRATADO','Tiempo Parcial',12,6,18,1,0,'4','',NULL,NULL,NULL,'2017-09-25 23:30:04',0,0,0,0),(158,42,87644321,'Bustos','Diaz','Silverio','Peru','2015-03-16',1,'Doctor','Bachiller en Ciencias','Upc','Peru',1,1,1,'CONTRATADO','Tiempo Parcial',12,6,18,1,0,'4','',NULL,NULL,NULL,'2017-09-25 23:30:04',0,0,0,0),(159,43,87664321,'Cabrera','Iturria','Ricardo','Peru','2016-03-16',1,'Doctor','Bachiller en Ciencias','Utp','Peru',1,1,1,'CONTRATADO','Tiempo Parcial',12,6,18,1,0,'4','',NULL,NULL,NULL,'2017-09-25 23:30:04',0,0,0,0),(160,44,87674321,'Caceres','Echegaray','Hector Alejandro','Peru','2009-03-16',1,'Doctor','Bachiller en Ciencias','Upc','Peru',1,1,1,'CONTRATADO','Tiempo Parcial',12,6,18,1,0,'4','',NULL,NULL,NULL,'2017-09-25 23:30:04',0,0,0,0),(161,45,87684321,'Caceres','Lampen','Manuel Alejandro','Peru','2008-03-16',1,'Doctor','Bachiller en Ciencias','Upc','Peru',1,1,1,'CONTRATADO','Tiempo Parcial',12,6,18,1,0,'4','',NULL,NULL,NULL,'2017-09-25 23:30:04',0,0,0,0),(162,46,87694321,'Calderon','Caceres','Jose Luis','Peru','2007-03-16',1,'Doctor','Bachiller en Ciencias','Upc','Peru',1,1,1,'CONTRATADO','Tiempo Parcial',12,6,18,1,0,'4','',NULL,NULL,NULL,'2017-09-25 23:30:04',0,0,0,0),(163,47,87604321,'Campos','Perez','Rosalvina','Peru','2006-03-16',1,'Doctor','Bachiller en Ciencias','Usmp','Peru',1,1,1,'CONTRATADO','Tiempo Parcial',12,6,18,1,0,'4','',NULL,NULL,NULL,'2017-09-25 23:30:04',0,0,0,0),(164,48,87154321,'Cano','Tejada','Jose Antonio','Peru','2005-03-16',1,'Doctor','Bachiller en Ciencias','Upc','Peru',1,1,1,'CONTRATADO','Tiempo Parcial',12,6,18,1,0,'4','',NULL,NULL,NULL,'2017-09-25 23:30:04',0,0,0,0),(165,49,87254321,'Caparachin','Chuquihuaraca','Jaime Santos','Peru','2004-03-16',1,'Doctor','Bachiller en Ciencias','Upc','Peru',1,1,1,'CONTRATADO','Tiempo Parcial',12,6,18,1,0,'4','',NULL,NULL,NULL,'2017-09-25 23:30:04',0,0,0,0),(166,50,87354321,'Cardenas','Lucero','Luis','Peru','2003-03-16',1,'Doctor','Bachiller en Ciencias','Uni','Peru',1,1,1,'CONTRATADO','Tiempo Parcial',12,6,18,1,0,'4','',NULL,NULL,NULL,'2017-09-25 23:30:04',0,0,0,0),(167,51,87454321,'Cardenas','Martinez','Jose Antonio','Peru','2002-03-16',1,'Doctor','Bachiller en Ciencias','Upc','Peru',1,1,1,'CONTRATADO','Tiempo Parcial',12,6,18,1,0,'4','',NULL,NULL,NULL,'2017-09-25 23:30:04',0,0,0,0),(168,52,87554321,'Cardenas','Zavala','Germain Leonardo','Peru','2001-03-16',1,'Doctor','Bachiller en Ciencias','Upc','Peru',1,1,1,'CONTRATADO','Tiempo Parcial',12,6,18,1,0,'4','',NULL,NULL,NULL,'2017-09-25 23:30:04',0,0,0,0),(169,53,87754321,'Carpio','Delgado','Guitter Guillermo','Peru','2000-03-16',1,'Doctor','Bachiller en Ciencias','Upc','Peru',1,1,1,'CONTRATADO','Tiempo Parcial',12,6,18,1,0,'4','',NULL,NULL,NULL,'2017-09-25 23:30:04',0,0,0,0),(170,54,87854321,'Casavilca','Maldonado','Edmundo','Peru','2010-04-01',1,'Doctor','Bachiller en Ciencias','Upc','Peru',1,1,1,'CONTRATADO','Tiempo Parcial',12,6,18,1,0,'4','',NULL,NULL,NULL,'2017-09-25 23:30:04',0,0,0,0),(171,55,87954321,'Castillo','Cavero','Rodolfo','Peru','2010-04-02',1,'Doctor','Bachiller en Ciencias','ULima','Peru',1,1,1,'CONTRATADO','Tiempo Parcial',12,6,18,1,0,'4','',NULL,NULL,NULL,'2017-09-25 23:30:04',0,0,0,0),(172,56,87054321,'Castillo','Sini','Gustavo Alejandro','Peru','2010-04-03',1,'Doctor','Bachiller en Ciencias','Upc','Peru',1,1,1,'CONTRATADO','Tiempo Parcial',12,6,18,1,0,'4','',NULL,NULL,NULL,'2017-09-25 23:30:04',0,0,0,0),(173,57,81654321,'Castro','Salazar','Fredy Adan','Peru','2010-04-04',1,'Doctor','Bachiller en Ciencias','Usmp','Peru',1,1,1,'CONTRATADO','Tiempo Parcial',12,6,18,1,0,'4','',NULL,NULL,NULL,'2017-09-25 23:30:04',0,0,0,0),(174,58,82654321,'Cata','Espinoza','Humberto Daniel','Peru','2010-04-05',1,'Doctor','Bachiller en Ciencias','Upc','Peru',1,1,1,'CONTRATADO','Tiempo Parcial',12,6,18,1,0,'4','',NULL,NULL,NULL,'2017-09-25 23:30:04',0,0,0,0),(175,59,83654321,'Ccoyure','Tito','Ricardo Wilber','Peru','2010-04-06',1,'Doctor','Bachiller en Ciencias','Upc','Peru',1,1,1,'CONTRATADO','Tiempo Parcial',12,6,18,1,0,'4','',NULL,NULL,NULL,'2017-09-25 23:30:04',0,0,0,0),(176,60,84654321,'Celi','Saavedra','Luis','Peru','2010-04-07',1,'Doctor','Bachiller en Ciencias','Usmp','Peru',1,1,1,'CONTRATADO','Tiempo Parcial',12,6,18,1,0,'4','',NULL,NULL,NULL,'2017-09-25 23:30:04',0,0,0,0),(177,61,85654321,'Cerdan','Chavarri','Mario Wilbe','Peru','2010-04-08',1,'Doctor','Bachiller en Ciencias','Upc','Peru',1,1,1,'CONTRATADO','Tiempo Parcial',12,6,18,1,0,'4','',NULL,NULL,NULL,'2017-09-25 23:30:04',0,0,0,0),(178,62,86654321,'Cerpa','Espinosa','David','Peru','2010-04-09',1,'Doctor','Bachiller en Ciencias','Ucv','Peru',1,1,1,'CONTRATADO','Tiempo Parcial',12,6,18,1,0,'4','',NULL,NULL,NULL,'2017-09-25 23:30:04',0,0,0,0),(179,63,88654321,'Cerron','Ruiz','Eulogio','Peru','2010-04-10',1,'Doctor','Bachiller en Ciencias','Uap','Peru',1,1,1,'CONTRATADO','Tiempo Parcial',12,6,18,1,0,'4','',NULL,NULL,NULL,'2017-09-25 23:30:04',0,0,0,0),(180,64,89654321,'Cevallos','Echevarria','Alejandro Nestor','Peru','2010-04-11',1,'Doctor','Bachiller en Ciencias','Upc','Peru',1,1,1,'CONTRATADO','Tiempo Parcial',12,6,18,1,0,'4','',NULL,NULL,NULL,'2017-09-25 23:30:04',0,0,0,0),(181,65,80654321,'Chacon','Moscoso','Hugo Liu','Peru','2010-04-12',1,'Doctor','Bachiller en Ciencias','Upc','Peru',1,1,1,'CONTRATADO','Tiempo Parcial',12,6,18,1,0,'4','',NULL,NULL,NULL,'2017-09-25 23:30:04',0,0,0,0),(182,66,17654321,'Chanca','Cortez','Luis Manuel','Peru','2010-04-13',1,'Doctor','Bachiller en Ciencias','Utp','Peru',1,1,1,'CONTRATADO','Tiempo Parcial',12,6,18,1,0,'4','',NULL,NULL,NULL,'2017-09-25 23:30:04',0,0,0,0),(183,67,27654321,'Chavarry','Vallejos','Carlos Magno','Peru','2010-04-14',1,'Doctor','Bachiller en Ciencias','Upc','Peru',1,1,1,'CONTRATADO','Tiempo Parcial',12,6,18,1,0,'4','',NULL,NULL,NULL,'2017-09-25 23:30:04',0,0,0,0),(184,68,37654321,'Chavez','Rodriguez','Michael Jesus','Peru','2010-04-15',1,'Doctor','Bachiller en Ciencias','Usmp','Peru',1,1,1,'CONTRATADO','Tiempo Parcial',12,6,18,1,0,'4','',NULL,NULL,NULL,'2017-09-25 23:30:04',0,0,0,0),(185,69,47654321,'Cieza','Davila','Javier Eduardo','Peru','2010-04-17',1,'Doctor','Bachiller en Ciencias','Usmp','Peru',1,1,1,'CONTRATADO','Tiempo Parcial',12,6,18,1,0,'4','',NULL,NULL,NULL,'2017-09-25 23:30:04',0,0,0,0),(186,70,57654321,'Consigliere','Cevasco','Luis Ricardo','Peru','2010-04-18',1,'Doctor','Bachiller en Ciencias','Upc','Peru',1,1,1,'CONTRATADO','Tiempo Parcial',12,6,18,1,0,'4','',NULL,NULL,NULL,'2017-09-25 23:30:04',0,0,0,0),(187,71,67654321,'Contreras','Villarreal','Luis Wilfredo','Peru','2010-04-19',1,'Doctor','Bachiller en Ciencias','ULima','Peru',1,1,1,'CONTRATADO','Tiempo Parcial',12,6,18,1,0,'4','',NULL,NULL,NULL,'2017-09-25 23:30:04',0,0,0,0),(188,72,77654321,'Cortez','Silva','Dimas Antonio','Peru','2010-04-20',1,'Doctor','Bachiller en Ciencias','Unmsm','Peru',1,1,1,'CONTRATADO','Tiempo Parcial',12,6,18,1,0,'4','',NULL,NULL,NULL,'2017-09-25 23:30:04',0,0,0,0),(189,73,97654321,'Cuadros','Ricra','Ruben Dario','Peru','2010-04-21',1,'Doctor','Bachiller en Ciencias','Upc','Peru',1,1,1,'CONTRATADO','Tiempo Parcial',12,6,18,1,0,'4','',NULL,NULL,NULL,'2017-09-25 23:30:04',0,0,0,0),(190,74,7654321,'De La Vega','Picoaga','Fresia','Peru','2010-04-22',1,'Doctor','Bachiller en Ciencias','Usmp','Peru',1,1,1,'CONTRATADO','Tiempo Parcial',12,6,18,1,0,'4','',NULL,NULL,NULL,'2017-09-25 23:30:04',0,0,0,0),(191,75,84654321,'De La Torre','Puente','Maria Elena','Peru','2010-04-23',1,'Doctor','Bachiller en Ciencias','Upc','Peru',1,1,1,'CONTRATADO','Tiempo Parcial',12,6,18,1,0,'4','',NULL,NULL,NULL,'2017-09-25 23:30:04',0,0,0,0),(192,76,87954321,'De Los Rios','Hermoza','Justo Rafael','Peru','2010-04-24',1,'Doctor','Bachiller en Ciencias','Utp','Peru',1,1,1,'CONTRATADO','Tiempo Parcial',12,6,18,1,0,'4','',NULL,NULL,NULL,'2017-09-25 23:30:04',0,0,0,0),(193,77,81554321,'De Olarte','Tristan','Jorge Luis','Peru','2010-04-25',1,'Doctor','Bachiller en Ciencias','Usmp','Peru',1,1,1,'CONTRATADO','Tiempo Parcial',12,6,18,1,0,'4','',NULL,NULL,NULL,'2017-09-25 23:30:04',0,0,0,0),(194,78,82154321,'Del Carpio','Damian','Christian Carlos','Peru','2010-04-26',1,'Doctor','Bachiller en Ciencias','Upc','Peru',1,1,1,'CONTRATADO','Tiempo Parcial',12,6,18,1,0,'4','',NULL,NULL,NULL,'2017-09-25 23:30:04',0,0,0,0),(195,79,82254321,'Diaz','Tejada','Gabriel Eduardo','Peru','2010-04-27',1,'Doctor','Bachiller en Ciencias','Upc','Peru',1,1,1,'CONTRATADO','Tiempo Parcial',12,6,18,1,0,'4','',NULL,NULL,NULL,'2017-09-25 23:30:04',0,0,0,0),(196,80,82354321,'Dur','Ramirez','Gary Gary','Peru','2010-04-28',1,'Doctor','Bachiller en Ciencias','Upc','Peru',1,1,1,'CONTRATADO','Tiempo Parcial',12,6,18,1,0,'4','',NULL,NULL,NULL,'2017-09-25 23:30:04',0,0,0,0),(197,81,82454321,'Egoavil','La Torre','Victor Raul','Peru','2010-04-29',1,'Doctor','Bachiller en Ciencias','Upc','Peru',1,1,1,'CONTRATADO','Tiempo Parcial',12,6,18,1,0,'4','',NULL,NULL,NULL,'2017-09-25 23:30:04',0,0,0,0),(198,82,82554321,'Elaez','Cisneros','Eliazaf Guillermo','Peru','2010-04-30',1,'Doctor','Bachiller en Ciencias','Upc','Peru',1,1,1,'CONTRATADO','Tiempo Parcial',12,6,18,1,0,'4','',NULL,NULL,NULL,'2017-09-25 23:30:04',0,0,0,0),(199,83,82654321,'Enriquez','Quinde','Benjamin Carlos','Peru','2010-05-01',1,'Doctor','Bachiller en Ciencias','Upc','Peru',1,1,1,'CONTRATADO','Tiempo Parcial',12,6,18,1,0,'4','',NULL,NULL,NULL,'2017-09-25 23:30:04',0,0,0,0),(200,84,82754321,'Esparza','Castillo','Olenka','Peru','2010-05-02',1,'Doctor','Bachiller en Ciencias','Upc','Peru',1,1,1,'CONTRATADO','Tiempo Parcial',12,6,18,1,0,'4','',NULL,NULL,NULL,'2017-09-25 23:30:04',0,0,0,0),(201,85,82854321,'Estela','Benavides','Bertha','Peru','2010-05-03',1,'Doctor','Bachiller en Ciencias','Upc','Peru',1,1,1,'CONTRATADO','Tiempo Parcial',12,6,18,1,0,'4','',NULL,NULL,NULL,'2017-09-25 23:30:04',0,0,0,0),(202,86,82954321,'Falcon','Soto','Arnaldo','Peru','2010-05-04',1,'Doctor','Bachiller en Ciencias','Upc','Peru',1,1,1,'CONTRATADO','Tiempo Parcial',12,6,18,1,0,'4','',NULL,NULL,NULL,'2017-09-25 23:30:04',0,0,0,0),(203,87,83054321,'Fano','Miranda','Gonzalo','Peru','2010-05-05',1,'Doctor','Bachiller en Ciencias','Upc','Peru',1,1,1,'CONTRATADO','Tiempo Parcial',12,6,18,1,0,'4','',NULL,NULL,NULL,'2017-09-25 23:30:04',0,0,0,0),(204,88,83154321,'Figueroa','Lezama','Rafael','Peru','2010-05-06',1,'Doctor','Bachiller en Ciencias','Upc','Peru',1,1,1,'CONTRATADO','Tiempo Parcial',12,6,18,1,0,'4','',NULL,NULL,NULL,'2017-09-25 23:30:04',0,0,0,0),(205,89,83254321,'Figueroa','Revilla','Jorge Martin','Peru','2010-05-07',1,'Doctor','Bachiller en Ciencias','Upc','Peru',1,1,1,'CONTRATADO','Tiempo Parcial',12,6,18,1,0,'4','',NULL,NULL,NULL,'2017-09-25 23:30:04',0,0,0,0),(206,90,83354321,'Florian','Castillo','Tulio Elias','Peru','2010-05-08',1,'Doctor','Bachiller en Ciencias','Upc','Peru',1,1,1,'CONTRATADO','Tiempo Parcial',12,6,18,1,0,'4','',NULL,NULL,NULL,'2017-09-25 23:30:04',0,0,0,0),(207,91,83454321,'Fuentes','Flores','Maximo','Peru','2010-05-09',1,'Doctor','Bachiller en Ciencias','Upc','Peru',1,1,1,'CONTRATADO','Tiempo Parcial',12,6,18,1,0,'4','',NULL,NULL,NULL,'2017-09-25 23:30:04',0,0,0,0),(208,92,83554321,'Galindo','Guerra','Gary Joseph Loui','Peru','2010-05-10',1,'Doctor','Bachiller en Ciencias','Upc','Peru',1,1,1,'CONTRATADO','Tiempo Parcial',12,6,18,1,0,'4','',NULL,NULL,NULL,'2017-09-25 23:30:04',0,0,0,0),(209,93,83654321,'Gallegos','Valderrama','Meriedi','Peru','2010-05-11',1,'Doctor','Bachiller en Ciencias','Upc','Peru',1,1,1,'CONTRATADO','Tiempo Parcial',12,6,18,1,0,'4','',NULL,NULL,NULL,'2017-09-25 23:30:04',0,0,0,0),(210,94,83754321,'Galloso','Gentile','Alberto Cesar','Peru','2010-05-12',1,'Doctor','Bachiller en Ciencias','Upc','Peru',1,1,1,'CONTRATADO','Tiempo Parcial',12,6,18,1,0,'4','',NULL,NULL,NULL,'2017-09-25 23:30:04',0,0,0,0),(211,95,83854321,'Gamarra','Villacorta','Raul','Peru','2010-05-13',1,'Doctor','Bachiller en Ciencias','Usmp','Peru',1,1,1,'CONTRATADO','Tiempo Parcial',12,6,18,1,0,'4','',NULL,NULL,NULL,'2017-09-25 23:30:04',0,0,0,0),(212,96,83954321,'Gamboa','Cruzado','Javier Arturo','Peru','2010-05-14',1,'Doctor','Bachiller en Ciencias','Upc','Peru',1,1,1,'CONTRATADO','Tiempo Parcial',12,6,18,1,0,'4','',NULL,NULL,NULL,'2017-09-25 23:30:04',0,0,0,0),(213,97,84054321,'Gamero','Rengifo','Luis Fernando','Peru','2010-05-18',1,'Doctor','Bachiller en Ciencias','Usmp','Peru',1,1,1,'CONTRATADO','Tiempo Parcial',12,6,18,1,0,'4','',NULL,NULL,NULL,'2017-09-25 23:30:04',0,0,0,0),(214,98,84154321,'Garcia','Farje','Ruben Osvaldo','Peru','2010-05-17',1,'Doctor','Bachiller en Ciencias','ULima','Peru',1,1,1,'CONTRATADO','Tiempo Parcial',12,6,18,1,0,'4','',NULL,NULL,NULL,'2017-09-25 23:30:04',0,0,0,0),(215,99,84254321,'Garcia','Flores','Elva Nelly','Peru','2010-05-19',1,'Doctor','Bachiller en Ciencias','Upc','Peru',1,1,1,'CONTRATADO','Tiempo Parcial',12,6,18,1,0,'4','',NULL,NULL,NULL,'2017-09-25 23:30:04',0,0,0,0),(216,100,84354321,'Garcia','Guerra','Juan Diego','Peru','2010-05-20',1,'Doctor','Bachiller en Ciencias','Utp','Peru',1,1,1,'CONTRATADO','Tiempo Parcial',12,6,18,1,0,'4','',NULL,NULL,NULL,'2017-09-25 23:30:04',0,0,0,0),(217,101,84454321,'Garcia','Lorente','Cesar','Peru','2010-05-21',1,'Doctor','Bachiller en Ciencias','Usmp','Peru',1,1,1,'CONTRATADO','Tiempo Parcial',12,6,18,1,0,'4','',NULL,NULL,NULL,'2017-09-25 23:30:04',0,0,0,0),(218,102,84554321,'Garcia','Nu','Luz Elena','Peru','2010-05-22',1,'Doctor','Bachiller en Ciencias','Unmsm','Peru',1,1,1,'CONTRATADO','Tiempo Parcial',12,6,18,1,0,'4','',NULL,NULL,NULL,'2017-09-25 23:30:04',0,0,0,0),(219,103,12365479,'Garcia','Sanchez','Marta Pamela','Peru','2008-03-13',1,'Maestr','Bachiller en Ciencias','Upn','Peru',0,1,1,'CONTRATADO','Tiempo Completo',15,8,23,1,0,'4','',NULL,NULL,NULL,'2017-09-25 23:30:04',0,0,0,0),(220,104,88888888,'Geronimo','Vasquez','Alfonso Herminio','Peru','2010-03-15',1,'Doctor','Bachiller en Arquitectura','Usil','Peru',1,1,1,'CONTRATADO','Tiempo Parcial',15,5,20,1,0,'4','',NULL,NULL,NULL,'2017-09-25 23:30:04',0,0,0,0),(221,105,11111111,'Gomero','Cordova','Eduardo Fernando','Peru','2003-03-14',0,'T','Bachiller en Econom','Ucv','Peru',1,1,1,'CONTRATADO','Tiempo Parcial',12,6,18,1,0,'4','',NULL,NULL,NULL,'2017-09-25 23:30:04',0,0,0,0),(222,106,34532689,'Gonzales','Alva','Luis Eduardo','Peru','2010-03-13',1,'Maestr','Bachiller en Educaci','Upn','Peru',1,1,0,'CONTRATADO','Tiempo Completo',14,5,19,0,0,'4','',NULL,NULL,NULL,'2017-09-25 23:30:04',0,0,0,0),(223,107,99999999,'Gonzales','Chavesta','Celso','Peru','1999-03-16',1,'Maestro','Bachiller en Computaci','Uap','Peru',0,1,1,'CONTRATADO','Tiempo Parcial',13,5,18,1,0,'4','',NULL,NULL,NULL,'2017-09-25 23:30:04',0,0,0,0),(224,108,17893492,'Gonzales','Sanchez','Juan Julio','Peru','2007-03-10',1,'T','Bachiller en Derecho','Usil','Peru',1,1,1,'CONTRATADO','Tiempo Completo',12,8,20,1,0,'4','',NULL,NULL,NULL,'2017-09-25 23:30:04',0,0,0,0),(225,109,9431874,'Gonzalo','Silva','Eduardo Ramon','Peru','2004-03-20',1,'Doctor','Bachiller en Ciencias Matem','Uigv','Peru',1,1,1,'CONTRATADO','Tiempo Parcial',15,6,21,1,0,'4','',NULL,NULL,NULL,'2017-09-25 23:30:04',0,0,0,0),(226,110,74073297,'Grandez','Pizarro','Waldy Mercedes','Peru','2012-03-23',1,'T','Bachiller en Econom','Upc','Peru',1,1,1,'CONTRATADO','Tiempo Parcial',12,6,18,1,0,'4','',NULL,NULL,NULL,'2017-09-25 23:30:04',0,0,0,0),(227,111,23148930,'Guerrero','Navarro','Raul Agustin','Peru','2005-03-13',1,'Doctor','Bachiller en Ciencias Contables','Usmp','Peru',1,1,1,'CONTRATADO','Tiempo Completo',15,6,21,1,0,'4','',NULL,NULL,NULL,'2017-09-25 23:30:04',0,0,0,0),(228,112,83704341,'Guzm','Tasayco','Alfonso','Peru','2010-03-18',1,'Maestro','Bachiller en Derecho','Upc','Peru',1,1,1,'CONTRATADO','Tiempo Parcial',12,6,18,1,0,'4','',NULL,NULL,NULL,'2017-09-25 23:30:04',0,0,0,0),(229,113,1010101,'Guzman','Rouviros','Julio Alejandro','Peru','2004-03-12',1,'Doctor','Bachiller en Ciencias','Utp','Peru',1,0,1,'CONTRATADO','Tiempo Parcial',13,6,19,1,0,'4','',NULL,NULL,NULL,'2017-09-25 23:30:04',0,0,0,0),(230,123,333333,'Abad','Escalante','Juan Carlos','Per','2010-02-15',1,'Doctor','Administraci','Usmp','Peru',1,0,1,'CONTRATADO','Tiempo Completo',16,4,20,1,0,'4','sistemas',NULL,NULL,'','2017-09-25 23:30:04',0,0,0,0),(231,1,12345678,'Abad','Escalante','Juan Carlos','Peru','2012-02-15',1,'Doctor','Administraci','Usmp','Peru',1,0,1,'CONTRATADO','Tiempo Completo',16,4,20,1,0,'4','',NULL,NULL,NULL,'2017-09-25 23:30:07',0,0,0,0),(232,2,87654321,'Acosta','Acosta','Willian Sergio','Peru','2010-03-16',1,'Doctor','Bachiller en Ciencias','Upc','Peru',1,1,1,'CONTRATADO','Tiempo Parcial',12,6,18,1,0,'4','',NULL,NULL,NULL,'2017-09-25 23:30:07',0,0,0,0),(233,3,87654322,'Aguero','Martinez La Rosa','Julio Cesar','Peru','2010-03-17',0,'Titulo','Bachiller en Ciencias','Upc','Peru',1,1,0,'CONTRATADO','Tiempo Parcial',12,6,18,1,0,'4','',NULL,NULL,NULL,'2017-09-25 23:30:07',0,0,0,0),(234,4,87654320,'Acu','Flores','Carlos Christian','Peru','2015-04-16',1,'Maestro','Bachiller en Biolog','Unmsm','Peru',1,1,1,'CONTRATADO','Tiempo Completo',10,2,12,1,0,'4','',NULL,NULL,NULL,'2017-09-25 23:30:07',0,0,0,0),(235,5,87654323,'Aguirre','Medrano','Rosa Virginia','Peru','2009-03-17',1,'Doctor','Bachiller en Ciencias','Upc','Peru',1,1,1,'CONTRATADO','Tiempo Parcial',12,6,18,1,0,'4','',NULL,NULL,NULL,'2017-09-25 23:30:07',0,0,0,0),(236,6,87654324,'Alarco','Jer','Iv','Peru','2010-04-16',1,'Doctor','Bachiller en Ciencias','Usmp','Peru',1,1,1,'CONTRATADO','Tiempo Parcial',12,6,18,1,0,'4','',NULL,NULL,NULL,'2017-09-25 23:30:07',0,0,0,0),(237,7,87654325,'Alarcon','Centti','Jose','Peru','2010-05-16',1,'Doctor','Bachiller en Economia','Usmp','Peru',1,1,1,'CONTRATADO','Tiempo Parcial',12,6,18,1,0,'4','',NULL,NULL,NULL,'2017-09-25 23:30:07',0,0,0,0),(238,8,87654326,'Alegria','Vidal','Rosa Mercedes','Peru','2010-06-16',1,'Doctor','Bachiller en Ciencias','Upc','Peru',1,1,1,'CONTRATADO','Tiempo Parcial',12,6,18,1,0,'4','',NULL,NULL,NULL,'2017-09-25 23:30:07',0,0,0,0),(239,9,87654327,'Alferrano','Donofrio','Mirtha','Peru','2010-07-16',1,'Doctor','Bachiller en Ciencias','Utp','Peru',1,1,1,'CONTRATADO','Tiempo Parcial',12,6,18,1,0,'4','',NULL,NULL,NULL,'2017-09-25 23:30:07',0,0,0,0),(240,10,87654328,'Ambia','Rebatta','Hugo Paulino','Peru','2010-08-16',1,'Doctor','Bachiller en Derecho','Upc','Peru',1,1,1,'CONTRATADO','Tiempo Parcial',12,6,18,1,0,'4','',NULL,NULL,NULL,'2017-09-25 23:30:07',0,0,0,0),(241,11,87654329,'Amoros','Figueroa','Rodrigo','Peru','2010-09-16',1,'Doctor','Bachiller en Ciencias','Unmsm','Peru',1,1,1,'CONTRATADO','Tiempo Parcial',12,6,18,1,0,'4','',NULL,NULL,NULL,'2017-09-25 23:30:07',0,0,0,0),(242,12,87654311,'A','Gomez Sanchez','Roberto Enrique','Peru','2010-10-16',1,'Doctor','Bachiller en Ciencias','Upc','Peru',1,1,1,'CONTRATADO','Tiempo Parcial',12,6,18,1,0,'4','',NULL,NULL,NULL,'2017-09-25 23:30:07',0,0,0,0),(243,13,87654331,'Ara','Rojas','Silvia Liliana','Peru','2010-11-16',1,'Doctor','Bachiller en Educacion','Utp','Peru',1,1,1,'CONTRATADO','Tiempo Parcial',12,6,18,1,0,'4','',NULL,NULL,NULL,'2017-09-25 23:30:07',0,0,0,0),(244,14,87654341,'Arrieta','Freyre','Javier Eduardo','Peru','2010-12-16',1,'Doctor','Bachiller en Ciencias','Upc','Peru',1,1,1,'CONTRATADO','Tiempo Parcial',12,6,18,1,0,'4','',NULL,NULL,NULL,'2017-09-25 23:30:07',0,0,0,0),(245,15,87654351,'Arrieta','Taboada','Amanda','Peru','2010-03-01',1,'Doctor','Bachiller en Ciencias','Uni','Peru',1,1,1,'CONTRATADO','Tiempo Parcial',12,6,18,1,0,'4','',NULL,NULL,NULL,'2017-09-25 23:30:07',0,0,0,0),(246,16,87654361,'Arriola','Guevara','Luis Alberto','Peru','2010-03-02',1,'Doctor','Bachiller en Ciencias','Uni','Peru',1,1,1,'CONTRATADO','Tiempo Parcial',12,6,18,1,0,'4','',NULL,NULL,NULL,'2017-09-25 23:30:07',0,0,0,0),(247,17,87654371,'Bacigalupo','Olivari','Miguel Angel','Peru','2010-03-03',1,'Doctor','Bachiller en Ciencias','Upc','Peru',1,1,1,'CONTRATADO','Tiempo Parcial',12,6,18,1,0,'4','',NULL,NULL,NULL,'2017-09-25 23:30:07',0,0,0,0),(248,18,87654381,'Balcazar','Hernandez','Yudy','Peru','2010-03-04',1,'Doctor','Bachiller en Ciencias','Usmp','Peru',1,1,1,'CONTRATADO','Tiempo Parcial',12,6,18,1,0,'4','',NULL,NULL,NULL,'2017-09-25 23:30:07',0,0,0,0),(249,19,87654391,'Ballena','Gonzales','Manuel','Peru','2010-03-05',1,'Doctor','Bachiller en Ciencias','Usmp','Peru',1,1,1,'CONTRATADO','Tiempo Parcial',12,6,18,1,0,'4','',NULL,NULL,NULL,'2017-09-25 23:30:07',0,0,0,0),(250,20,87654301,'Balta','Rospliglosi','Manuel Valeriano','Peru','2010-03-06',1,'Doctor','Bachiller en Ciencias','Upc','Peru',1,1,1,'CONTRATADO','Tiempo Parcial',12,6,18,1,0,'4','',NULL,NULL,NULL,'2017-09-25 23:30:07',0,0,0,0),(251,21,87654121,'Balta','Vargas-Machuca','Manuel','Peru','2010-03-07',1,'Doctor','Bachiller en Ciencias','Usmp','Peru',1,1,1,'CONTRATADO','Tiempo Parcial',12,6,18,1,0,'4','',NULL,NULL,NULL,'2017-09-25 23:30:07',0,0,0,0),(252,22,87654221,'Barnet','Champommier','Yann Oliver','Peru','2010-03-08',1,'Doctor','Bachiller en Ciencias','Upc','Peru',1,1,1,'CONTRATADO','Tiempo Parcial',12,6,18,1,0,'4','',NULL,NULL,NULL,'2017-09-25 23:30:07',0,0,0,0),(253,23,87654421,'Barnett','Mendoza','Edy Dalmiro','Peru','2010-03-09',1,'Doctor','Bachiller en Ciencias','Usmp','Peru',1,1,1,'CONTRATADO','Tiempo Parcial',12,6,18,1,0,'4','',NULL,NULL,NULL,'2017-09-25 23:30:07',0,0,0,0),(254,24,87654521,'Barrantes','Mann','Luis Alfonso','Peru','2010-03-10',1,'Doctor','Bachiller en Ciencias','Upc','Peru',1,1,1,'CONTRATADO','Tiempo Parcial',12,6,18,1,0,'4','',NULL,NULL,NULL,'2017-09-25 23:30:07',0,0,0,0),(255,25,87654621,'Barraza','Salguero','Victor Eduardo','Peru','2010-03-11',1,'Doctor','Bachiller en Ciencias','Utp','Peru',1,1,1,'CONTRATADO','Tiempo Parcial',12,6,18,1,0,'4','',NULL,NULL,NULL,'2017-09-25 23:30:07',0,0,0,0),(256,26,87654721,'Barreto','Bardales','Tomas Fernando','Peru','2010-03-12',1,'Doctor','Bachiller en Ciencias','ULima','Peru',1,1,1,'CONTRATADO','Tiempo Parcial',12,6,18,1,0,'4','',NULL,NULL,NULL,'2017-09-25 23:30:07',0,0,0,0),(257,27,87654821,'Basile','Migliore','Jose Antonio','Peru','2010-03-20',1,'Doctor','Bachiller en Ciencias','Uni','Peru',1,1,1,'CONTRATADO','Tiempo Parcial',12,6,18,1,0,'4','',NULL,NULL,NULL,'2017-09-25 23:30:07',0,0,0,0),(258,28,87654921,'Bayona','Ore','Luz Sussy','Peru','2010-03-21',1,'Doctor','Bachiller en Ciencias','Uni','Peru',1,1,1,'CONTRATADO','Tiempo Parcial',12,6,18,1,0,'4','',NULL,NULL,NULL,'2017-09-25 23:30:07',0,0,0,0),(259,29,87654021,'Becerra','Pacherres','Augusto Oscar','Peru','2010-03-22',1,'Doctor','Bachiller en Ciencias','Upc','Peru',1,1,1,'CONTRATADO','Tiempo Parcial',12,6,18,1,0,'4','',NULL,NULL,NULL,'2017-09-25 23:30:07',0,0,0,0),(260,30,87651321,'Bedia','Guillen','Ciro Sergio','Peru','2010-03-23',1,'Doctor','Bachiller en Ciencias','Upc','Peru',1,1,1,'CONTRATADO','Tiempo Parcial',12,6,18,1,0,'4','',NULL,NULL,NULL,'2017-09-25 23:30:07',0,0,0,0),(261,31,87652321,'Benavente','Villena','Maria Elena','Peru','2010-03-24',1,'Doctor','Bachiller en Ciencias','Upc','Peru',1,1,1,'CONTRATADO','Tiempo Parcial',12,6,18,1,0,'4','',NULL,NULL,NULL,'2017-09-25 23:30:07',0,0,0,0),(262,32,87653321,'Benites','Gonzales','Willian Sergio','Peru','2010-03-25',1,'Doctor','Bachiller en Ciencias','Upc','Peru',1,1,1,'CONTRATADO','Tiempo Parcial',12,6,18,1,0,'4','',NULL,NULL,NULL,'2017-09-25 23:30:07',0,0,0,0),(263,33,87655321,'Benites','Vilela','Luis Fernando','Peru','2010-03-26',1,'Doctor','Bachiller en Ciencias','Upc','Peru',1,1,1,'CONTRATADO','Tiempo Parcial',12,6,18,1,0,'4','',NULL,NULL,NULL,'2017-09-25 23:30:07',0,0,0,0),(264,34,87656321,'Bernabel','Liza','Ana Maria','Peru','2010-03-27',1,'Doctor','Bachiller en Ciencias','Upc','Peru',1,1,1,'CONTRATADO','Tiempo Parcial',12,6,18,1,0,'4','',NULL,NULL,NULL,'2017-09-25 23:30:07',0,0,0,0),(265,35,87657321,'Bernal','Ortiz','Carlos Adolfo','Peru','2010-03-28',1,'Doctor','Bachiller en Ciencias','Upc','Peru',1,1,1,'CONTRATADO','Tiempo Parcial',12,6,18,1,0,'4','',NULL,NULL,NULL,'2017-09-25 23:30:07',0,0,0,0),(266,36,87658321,'Bernuy','Alva','Augusto Ernesto','Peru','2010-03-29',1,'Doctor','Bachiller en Ciencias','Upc','Peru',1,1,1,'CONTRATADO','Tiempo Parcial',12,6,18,1,0,'4','',NULL,NULL,NULL,'2017-09-25 23:30:07',0,0,0,0),(267,37,87659321,'Bertolotti','Zu','Carmen Rosa','Peru','2010-03-30',1,'Doctor','Bachiller en Ciencias','Upc','Peru',1,1,1,'CONTRATADO','Tiempo Parcial',12,6,18,1,0,'4','',NULL,NULL,NULL,'2017-09-25 23:30:07',0,0,0,0),(268,38,87650321,'Bezada','Sanchez','Cesar Alfredo','Peru','2011-03-16',1,'Doctor','Bachiller en Ciencias','Upc','Peru',1,1,1,'CONTRATADO','Tiempo Parcial',12,6,18,1,0,'4','',NULL,NULL,NULL,'2017-09-25 23:30:07',0,0,0,0),(269,39,87614321,'Blanco','Zu','Yvan','Peru','2012-03-16',1,'Doctor','Bachiller en Ciencias','Unmsm','Peru',1,1,1,'CONTRATADO','Tiempo Parcial',12,6,18,1,0,'4','',NULL,NULL,NULL,'2017-09-25 23:30:07',0,0,0,0),(270,40,87624321,'Bocangel','Weydert','Guillermo Augusto','Peru','2013-03-16',1,'Doctor','Bachiller en Ciencias','Upc','Peru',1,1,1,'CONTRATADO','Tiempo Parcial',12,6,18,1,0,'4','',NULL,NULL,NULL,'2017-09-25 23:30:07',0,0,0,0),(271,41,87634321,'Buendia','Rios','Hildebrando','Peru','2014-03-16',1,'Doctor','Bachiller en Ciencias','Upc','Peru',1,1,1,'CONTRATADO','Tiempo Parcial',12,6,18,1,0,'4','',NULL,NULL,NULL,'2017-09-25 23:30:07',0,0,0,0),(272,42,87644321,'Bustos','Diaz','Silverio','Peru','2015-03-16',1,'Doctor','Bachiller en Ciencias','Upc','Peru',1,1,1,'CONTRATADO','Tiempo Parcial',12,6,18,1,0,'4','',NULL,NULL,NULL,'2017-09-25 23:30:07',0,0,0,0),(273,43,87664321,'Cabrera','Iturria','Ricardo','Peru','2016-03-16',1,'Doctor','Bachiller en Ciencias','Utp','Peru',1,1,1,'CONTRATADO','Tiempo Parcial',12,6,18,1,0,'4','',NULL,NULL,NULL,'2017-09-25 23:30:07',0,0,0,0),(274,44,87674321,'Caceres','Echegaray','Hector Alejandro','Peru','2009-03-16',1,'Doctor','Bachiller en Ciencias','Upc','Peru',1,1,1,'CONTRATADO','Tiempo Parcial',12,6,18,1,0,'4','',NULL,NULL,NULL,'2017-09-25 23:30:07',0,0,0,0),(275,45,87684321,'Caceres','Lampen','Manuel Alejandro','Peru','2008-03-16',1,'Doctor','Bachiller en Ciencias','Upc','Peru',1,1,1,'CONTRATADO','Tiempo Parcial',12,6,18,1,0,'4','',NULL,NULL,NULL,'2017-09-25 23:30:07',0,0,0,0),(276,46,87694321,'Calderon','Caceres','Jose Luis','Peru','2007-03-16',1,'Doctor','Bachiller en Ciencias','Upc','Peru',1,1,1,'CONTRATADO','Tiempo Parcial',12,6,18,1,0,'4','',NULL,NULL,NULL,'2017-09-25 23:30:07',0,0,0,0),(277,47,87604321,'Campos','Perez','Rosalvina','Peru','2006-03-16',1,'Doctor','Bachiller en Ciencias','Usmp','Peru',1,1,1,'CONTRATADO','Tiempo Parcial',12,6,18,1,0,'4','',NULL,NULL,NULL,'2017-09-25 23:30:07',0,0,0,0),(278,48,87154321,'Cano','Tejada','Jose Antonio','Peru','2005-03-16',1,'Doctor','Bachiller en Ciencias','Upc','Peru',1,1,1,'CONTRATADO','Tiempo Parcial',12,6,18,1,0,'4','',NULL,NULL,NULL,'2017-09-25 23:30:07',0,0,0,0),(279,49,87254321,'Caparachin','Chuquihuaraca','Jaime Santos','Peru','2004-03-16',1,'Doctor','Bachiller en Ciencias','Upc','Peru',1,1,1,'CONTRATADO','Tiempo Parcial',12,6,18,1,0,'4','',NULL,NULL,NULL,'2017-09-25 23:30:07',0,0,0,0),(280,50,87354321,'Cardenas','Lucero','Luis','Peru','2003-03-16',1,'Doctor','Bachiller en Ciencias','Uni','Peru',1,1,1,'CONTRATADO','Tiempo Parcial',12,6,18,1,0,'4','',NULL,NULL,NULL,'2017-09-25 23:30:07',0,0,0,0),(281,51,87454321,'Cardenas','Martinez','Jose Antonio','Peru','2002-03-16',1,'Doctor','Bachiller en Ciencias','Upc','Peru',1,1,1,'CONTRATADO','Tiempo Parcial',12,6,18,1,0,'4','',NULL,NULL,NULL,'2017-09-25 23:30:07',0,0,0,0),(282,52,87554321,'Cardenas','Zavala','Germain Leonardo','Peru','2001-03-16',1,'Doctor','Bachiller en Ciencias','Upc','Peru',1,1,1,'CONTRATADO','Tiempo Parcial',12,6,18,1,0,'4','',NULL,NULL,NULL,'2017-09-25 23:30:07',0,0,0,0),(283,53,87754321,'Carpio','Delgado','Guitter Guillermo','Peru','2000-03-16',1,'Doctor','Bachiller en Ciencias','Upc','Peru',1,1,1,'CONTRATADO','Tiempo Parcial',12,6,18,1,0,'4','',NULL,NULL,NULL,'2017-09-25 23:30:07',0,0,0,0),(284,54,87854321,'Casavilca','Maldonado','Edmundo','Peru','2010-04-01',1,'Doctor','Bachiller en Ciencias','Upc','Peru',1,1,1,'CONTRATADO','Tiempo Parcial',12,6,18,1,0,'4','',NULL,NULL,NULL,'2017-09-25 23:30:07',0,0,0,0),(285,55,87954321,'Castillo','Cavero','Rodolfo','Peru','2010-04-02',1,'Doctor','Bachiller en Ciencias','ULima','Peru',1,1,1,'CONTRATADO','Tiempo Parcial',12,6,18,1,0,'4','',NULL,NULL,NULL,'2017-09-25 23:30:07',0,0,0,0),(286,56,87054321,'Castillo','Sini','Gustavo Alejandro','Peru','2010-04-03',1,'Doctor','Bachiller en Ciencias','Upc','Peru',1,1,1,'CONTRATADO','Tiempo Parcial',12,6,18,1,0,'4','',NULL,NULL,NULL,'2017-09-25 23:30:07',0,0,0,0),(287,57,81654321,'Castro','Salazar','Fredy Adan','Peru','2010-04-04',1,'Doctor','Bachiller en Ciencias','Usmp','Peru',1,1,1,'CONTRATADO','Tiempo Parcial',12,6,18,1,0,'4','',NULL,NULL,NULL,'2017-09-25 23:30:07',0,0,0,0),(288,58,82654321,'Cata','Espinoza','Humberto Daniel','Peru','2010-04-05',1,'Doctor','Bachiller en Ciencias','Upc','Peru',1,1,1,'CONTRATADO','Tiempo Parcial',12,6,18,1,0,'4','',NULL,NULL,NULL,'2017-09-25 23:30:07',0,0,0,0),(289,59,83654321,'Ccoyure','Tito','Ricardo Wilber','Peru','2010-04-06',1,'Doctor','Bachiller en Ciencias','Upc','Peru',1,1,1,'CONTRATADO','Tiempo Parcial',12,6,18,1,0,'4','',NULL,NULL,NULL,'2017-09-25 23:30:07',0,0,0,0),(290,60,84654321,'Celi','Saavedra','Luis','Peru','2010-04-07',1,'Doctor','Bachiller en Ciencias','Usmp','Peru',1,1,1,'CONTRATADO','Tiempo Parcial',12,6,18,1,0,'4','',NULL,NULL,NULL,'2017-09-25 23:30:07',0,0,0,0),(291,61,85654321,'Cerdan','Chavarri','Mario Wilbe','Peru','2010-04-08',1,'Doctor','Bachiller en Ciencias','Upc','Peru',1,1,1,'CONTRATADO','Tiempo Parcial',12,6,18,1,0,'4','',NULL,NULL,NULL,'2017-09-25 23:30:07',0,0,0,0),(292,62,86654321,'Cerpa','Espinosa','David','Peru','2010-04-09',1,'Doctor','Bachiller en Ciencias','Ucv','Peru',1,1,1,'CONTRATADO','Tiempo Parcial',12,6,18,1,0,'4','',NULL,NULL,NULL,'2017-09-25 23:30:07',0,0,0,0),(293,63,88654321,'Cerron','Ruiz','Eulogio','Peru','2010-04-10',1,'Doctor','Bachiller en Ciencias','Uap','Peru',1,1,1,'CONTRATADO','Tiempo Parcial',12,6,18,1,0,'4','',NULL,NULL,NULL,'2017-09-25 23:30:07',0,0,0,0),(294,64,89654321,'Cevallos','Echevarria','Alejandro Nestor','Peru','2010-04-11',1,'Doctor','Bachiller en Ciencias','Upc','Peru',1,1,1,'CONTRATADO','Tiempo Parcial',12,6,18,1,0,'4','',NULL,NULL,NULL,'2017-09-25 23:30:07',0,0,0,0),(295,65,80654321,'Chacon','Moscoso','Hugo Liu','Peru','2010-04-12',1,'Doctor','Bachiller en Ciencias','Upc','Peru',1,1,1,'CONTRATADO','Tiempo Parcial',12,6,18,1,0,'4','',NULL,NULL,NULL,'2017-09-25 23:30:07',0,0,0,0),(296,66,17654321,'Chanca','Cortez','Luis Manuel','Peru','2010-04-13',1,'Doctor','Bachiller en Ciencias','Utp','Peru',1,1,1,'CONTRATADO','Tiempo Parcial',12,6,18,1,0,'4','',NULL,NULL,NULL,'2017-09-25 23:30:07',0,0,0,0),(297,67,27654321,'Chavarry','Vallejos','Carlos Magno','Peru','2010-04-14',1,'Doctor','Bachiller en Ciencias','Upc','Peru',1,1,1,'CONTRATADO','Tiempo Parcial',12,6,18,1,0,'4','',NULL,NULL,NULL,'2017-09-25 23:30:07',0,0,0,0),(298,68,37654321,'Chavez','Rodriguez','Michael Jesus','Peru','2010-04-15',1,'Doctor','Bachiller en Ciencias','Usmp','Peru',1,1,1,'CONTRATADO','Tiempo Parcial',12,6,18,1,0,'4','',NULL,NULL,NULL,'2017-09-25 23:30:07',0,0,0,0),(299,69,47654321,'Cieza','Davila','Javier Eduardo','Peru','2010-04-17',1,'Doctor','Bachiller en Ciencias','Usmp','Peru',1,1,1,'CONTRATADO','Tiempo Parcial',12,6,18,1,0,'4','',NULL,NULL,NULL,'2017-09-25 23:30:07',0,0,0,0),(300,70,57654321,'Consigliere','Cevasco','Luis Ricardo','Peru','2010-04-18',1,'Doctor','Bachiller en Ciencias','Upc','Peru',1,1,1,'CONTRATADO','Tiempo Parcial',12,6,18,1,0,'4','',NULL,NULL,NULL,'2017-09-25 23:30:07',0,0,0,0),(301,71,67654321,'Contreras','Villarreal','Luis Wilfredo','Peru','2010-04-19',1,'Doctor','Bachiller en Ciencias','ULima','Peru',1,1,1,'CONTRATADO','Tiempo Parcial',12,6,18,1,0,'4','',NULL,NULL,NULL,'2017-09-25 23:30:07',0,0,0,0),(302,72,77654321,'Cortez','Silva','Dimas Antonio','Peru','2010-04-20',1,'Doctor','Bachiller en Ciencias','Unmsm','Peru',1,1,1,'CONTRATADO','Tiempo Parcial',12,6,18,1,0,'4','',NULL,NULL,NULL,'2017-09-25 23:30:07',0,0,0,0),(303,73,97654321,'Cuadros','Ricra','Ruben Dario','Peru','2010-04-21',1,'Doctor','Bachiller en Ciencias','Upc','Peru',1,1,1,'CONTRATADO','Tiempo Parcial',12,6,18,1,0,'4','',NULL,NULL,NULL,'2017-09-25 23:30:07',0,0,0,0),(304,74,7654321,'De La Vega','Picoaga','Fresia','Peru','2010-04-22',1,'Doctor','Bachiller en Ciencias','Usmp','Peru',1,1,1,'CONTRATADO','Tiempo Parcial',12,6,18,1,0,'4','',NULL,NULL,NULL,'2017-09-25 23:30:07',0,0,0,0),(305,75,84654321,'De La Torre','Puente','Maria Elena','Peru','2010-04-23',1,'Doctor','Bachiller en Ciencias','Upc','Peru',1,1,1,'CONTRATADO','Tiempo Parcial',12,6,18,1,0,'4','',NULL,NULL,NULL,'2017-09-25 23:30:07',0,0,0,0),(306,76,87954321,'De Los Rios','Hermoza','Justo Rafael','Peru','2010-04-24',1,'Doctor','Bachiller en Ciencias','Utp','Peru',1,1,1,'CONTRATADO','Tiempo Parcial',12,6,18,1,0,'4','',NULL,NULL,NULL,'2017-09-25 23:30:07',0,0,0,0),(307,77,81554321,'De Olarte','Tristan','Jorge Luis','Peru','2010-04-25',1,'Doctor','Bachiller en Ciencias','Usmp','Peru',1,1,1,'CONTRATADO','Tiempo Parcial',12,6,18,1,0,'4','',NULL,NULL,NULL,'2017-09-25 23:30:07',0,0,0,0),(308,78,82154321,'Del Carpio','Damian','Christian Carlos','Peru','2010-04-26',1,'Doctor','Bachiller en Ciencias','Upc','Peru',1,1,1,'CONTRATADO','Tiempo Parcial',12,6,18,1,0,'4','',NULL,NULL,NULL,'2017-09-25 23:30:07',0,0,0,0),(309,79,82254321,'Diaz','Tejada','Gabriel Eduardo','Peru','2010-04-27',1,'Doctor','Bachiller en Ciencias','Upc','Peru',1,1,1,'CONTRATADO','Tiempo Parcial',12,6,18,1,0,'4','',NULL,NULL,NULL,'2017-09-25 23:30:07',0,0,0,0),(310,80,82354321,'Dur','Ramirez','Gary Gary','Peru','2010-04-28',1,'Doctor','Bachiller en Ciencias','Upc','Peru',1,1,1,'CONTRATADO','Tiempo Parcial',12,6,18,1,0,'4','',NULL,NULL,NULL,'2017-09-25 23:30:07',0,0,0,0),(311,81,82454321,'Egoavil','La Torre','Victor Raul','Peru','2010-04-29',1,'Doctor','Bachiller en Ciencias','Upc','Peru',1,1,1,'CONTRATADO','Tiempo Parcial',12,6,18,1,0,'4','',NULL,NULL,NULL,'2017-09-25 23:30:07',0,0,0,0),(312,82,82554321,'Elaez','Cisneros','Eliazaf Guillermo','Peru','2010-04-30',1,'Doctor','Bachiller en Ciencias','Upc','Peru',1,1,1,'CONTRATADO','Tiempo Parcial',12,6,18,1,0,'4','',NULL,NULL,NULL,'2017-09-25 23:30:07',0,0,0,0),(313,83,82654321,'Enriquez','Quinde','Benjamin Carlos','Peru','2010-05-01',1,'Doctor','Bachiller en Ciencias','Upc','Peru',1,1,1,'CONTRATADO','Tiempo Parcial',12,6,18,1,0,'4','',NULL,NULL,NULL,'2017-09-25 23:30:07',0,0,0,0),(314,84,82754321,'Esparza','Castillo','Olenka','Peru','2010-05-02',1,'Doctor','Bachiller en Ciencias','Upc','Peru',1,1,1,'CONTRATADO','Tiempo Parcial',12,6,18,1,0,'4','',NULL,NULL,NULL,'2017-09-25 23:30:07',0,0,0,0),(315,85,82854321,'Estela','Benavides','Bertha','Peru','2010-05-03',1,'Doctor','Bachiller en Ciencias','Upc','Peru',1,1,1,'CONTRATADO','Tiempo Parcial',12,6,18,1,0,'4','',NULL,NULL,NULL,'2017-09-25 23:30:07',0,0,0,0),(316,86,82954321,'Falcon','Soto','Arnaldo','Peru','2010-05-04',1,'Doctor','Bachiller en Ciencias','Upc','Peru',1,1,1,'CONTRATADO','Tiempo Parcial',12,6,18,1,0,'4','',NULL,NULL,NULL,'2017-09-25 23:30:07',0,0,0,0),(317,87,83054321,'Fano','Miranda','Gonzalo','Peru','2010-05-05',1,'Doctor','Bachiller en Ciencias','Upc','Peru',1,1,1,'CONTRATADO','Tiempo Parcial',12,6,18,1,0,'4','',NULL,NULL,NULL,'2017-09-25 23:30:07',0,0,0,0),(318,88,83154321,'Figueroa','Lezama','Rafael','Peru','2010-05-06',1,'Doctor','Bachiller en Ciencias','Upc','Peru',1,1,1,'CONTRATADO','Tiempo Parcial',12,6,18,1,0,'4','',NULL,NULL,NULL,'2017-09-25 23:30:07',0,0,0,0),(319,89,83254321,'Figueroa','Revilla','Jorge Martin','Peru','2010-05-07',1,'Doctor','Bachiller en Ciencias','Upc','Peru',1,1,1,'CONTRATADO','Tiempo Parcial',12,6,18,1,0,'4','',NULL,NULL,NULL,'2017-09-25 23:30:07',0,0,0,0),(320,90,83354321,'Florian','Castillo','Tulio Elias','Peru','2010-05-08',1,'Doctor','Bachiller en Ciencias','Upc','Peru',1,1,1,'CONTRATADO','Tiempo Parcial',12,6,18,1,0,'4','',NULL,NULL,NULL,'2017-09-25 23:30:07',0,0,0,0),(321,91,83454321,'Fuentes','Flores','Maximo','Peru','2010-05-09',1,'Doctor','Bachiller en Ciencias','Upc','Peru',1,1,1,'CONTRATADO','Tiempo Parcial',12,6,18,1,0,'4','',NULL,NULL,NULL,'2017-09-25 23:30:07',0,0,0,0),(322,92,83554321,'Galindo','Guerra','Gary Joseph Loui','Peru','2010-05-10',1,'Doctor','Bachiller en Ciencias','Upc','Peru',1,1,1,'CONTRATADO','Tiempo Parcial',12,6,18,1,0,'4','',NULL,NULL,NULL,'2017-09-25 23:30:07',0,0,0,0),(323,93,83654321,'Gallegos','Valderrama','Meriedi','Peru','2010-05-11',1,'Doctor','Bachiller en Ciencias','Upc','Peru',1,1,1,'CONTRATADO','Tiempo Parcial',12,6,18,1,0,'4','',NULL,NULL,NULL,'2017-09-25 23:30:07',0,0,0,0),(324,94,83754321,'Galloso','Gentile','Alberto Cesar','Peru','2010-05-12',1,'Doctor','Bachiller en Ciencias','Upc','Peru',1,1,1,'CONTRATADO','Tiempo Parcial',12,6,18,1,0,'4','',NULL,NULL,NULL,'2017-09-25 23:30:07',0,0,0,0),(325,95,83854321,'Gamarra','Villacorta','Raul','Peru','2010-05-13',1,'Doctor','Bachiller en Ciencias','Usmp','Peru',1,1,1,'CONTRATADO','Tiempo Parcial',12,6,18,1,0,'4','',NULL,NULL,NULL,'2017-09-25 23:30:07',0,0,0,0),(326,96,83954321,'Gamboa','Cruzado','Javier Arturo','Peru','2010-05-14',1,'Doctor','Bachiller en Ciencias','Upc','Peru',1,1,1,'CONTRATADO','Tiempo Parcial',12,6,18,1,0,'4','',NULL,NULL,NULL,'2017-09-25 23:30:07',0,0,0,0),(327,97,84054321,'Gamero','Rengifo','Luis Fernando','Peru','2010-05-18',1,'Doctor','Bachiller en Ciencias','Usmp','Peru',1,1,1,'CONTRATADO','Tiempo Parcial',12,6,18,1,0,'4','',NULL,NULL,NULL,'2017-09-25 23:30:07',0,0,0,0),(328,98,84154321,'Garcia','Farje','Ruben Osvaldo','Peru','2010-05-17',1,'Doctor','Bachiller en Ciencias','ULima','Peru',1,1,1,'CONTRATADO','Tiempo Parcial',12,6,18,1,0,'4','',NULL,NULL,NULL,'2017-09-25 23:30:07',0,0,0,0),(329,99,84254321,'Garcia','Flores','Elva Nelly','Peru','2010-05-19',1,'Doctor','Bachiller en Ciencias','Upc','Peru',1,1,1,'CONTRATADO','Tiempo Parcial',12,6,18,1,0,'4','',NULL,NULL,NULL,'2017-09-25 23:30:07',0,0,0,0),(330,100,84354321,'Garcia','Guerra','Juan Diego','Peru','2010-05-20',1,'Doctor','Bachiller en Ciencias','Utp','Peru',1,1,1,'CONTRATADO','Tiempo Parcial',12,6,18,1,0,'4','',NULL,NULL,NULL,'2017-09-25 23:30:07',0,0,0,0),(331,101,84454321,'Garcia','Lorente','Cesar','Peru','2010-05-21',1,'Doctor','Bachiller en Ciencias','Usmp','Peru',1,1,1,'CONTRATADO','Tiempo Parcial',12,6,18,1,0,'4','',NULL,NULL,NULL,'2017-09-25 23:30:07',0,0,0,0),(332,102,84554321,'Garcia','Nu','Luz Elena','Peru','2010-05-22',1,'Doctor','Bachiller en Ciencias','Unmsm','Peru',1,1,1,'CONTRATADO','Tiempo Parcial',12,6,18,1,0,'4','',NULL,NULL,NULL,'2017-09-25 23:30:07',0,0,0,0),(333,103,12365479,'Garcia','Sanchez','Marta Pamela','Peru','2008-03-13',1,'Maestr','Bachiller en Ciencias','Upn','Peru',0,1,1,'CONTRATADO','Tiempo Completo',15,8,23,1,0,'4','',NULL,NULL,NULL,'2017-09-25 23:30:07',0,0,0,0),(334,104,88888888,'Geronimo','Vasquez','Alfonso Herminio','Peru','2010-03-15',1,'Doctor','Bachiller en Arquitectura','Usil','Peru',1,1,1,'CONTRATADO','Tiempo Parcial',15,5,20,1,0,'4','',NULL,NULL,NULL,'2017-09-25 23:30:07',0,0,0,0),(335,105,11111111,'Gomero','Cordova','Eduardo Fernando','Peru','2003-03-14',0,'T','Bachiller en Econom','Ucv','Peru',1,1,1,'CONTRATADO','Tiempo Parcial',12,6,18,1,0,'4','',NULL,NULL,NULL,'2017-09-25 23:30:07',0,0,0,0),(336,106,34532689,'Gonzales','Alva','Luis Eduardo','Peru','2010-03-13',1,'Maestr','Bachiller en Educaci','Upn','Peru',1,1,0,'CONTRATADO','Tiempo Completo',14,5,19,0,0,'4','',NULL,NULL,NULL,'2017-09-25 23:30:07',0,0,0,0),(337,107,99999999,'Gonzales','Chavesta','Celso','Peru','1999-03-16',1,'Maestro','Bachiller en Computaci','Uap','Peru',0,1,1,'CONTRATADO','Tiempo Parcial',13,5,18,1,0,'4','',NULL,NULL,NULL,'2017-09-25 23:30:07',0,0,0,0),(338,108,17893492,'Gonzales','Sanchez','Juan Julio','Peru','2007-03-10',1,'T','Bachiller en Derecho','Usil','Peru',1,1,1,'CONTRATADO','Tiempo Completo',12,8,20,1,0,'4','',NULL,NULL,NULL,'2017-09-25 23:30:07',0,0,0,0),(339,109,9431874,'Gonzalo','Silva','Eduardo Ramon','Peru','2004-03-20',1,'Doctor','Bachiller en Ciencias Matem','Uigv','Peru',1,1,1,'CONTRATADO','Tiempo Parcial',15,6,21,1,0,'4','',NULL,NULL,NULL,'2017-09-25 23:30:07',0,0,0,0),(340,110,74073297,'Grandez','Pizarro','Waldy Mercedes','Peru','2012-03-23',1,'T','Bachiller en Econom','Upc','Peru',1,1,1,'CONTRATADO','Tiempo Parcial',12,6,18,1,0,'4','',NULL,NULL,NULL,'2017-09-25 23:30:07',0,0,0,0),(341,111,23148930,'Guerrero','Navarro','Raul Agustin','Peru','2005-03-13',1,'Doctor','Bachiller en Ciencias Contables','Usmp','Peru',1,1,1,'CONTRATADO','Tiempo Completo',15,6,21,1,0,'4','',NULL,NULL,NULL,'2017-09-25 23:30:07',0,0,0,0),(342,112,83704341,'Guzm','Tasayco','Alfonso','Peru','2010-03-18',1,'Maestro','Bachiller en Derecho','Upc','Peru',1,1,1,'CONTRATADO','Tiempo Parcial',12,6,18,1,0,'4','',NULL,NULL,NULL,'2017-09-25 23:30:07',0,0,0,0),(343,113,1010101,'Guzman','Rouviros','Julio Alejandro','Peru','2004-03-12',1,'Doctor','Bachiller en Ciencias','Utp','Peru',1,0,1,'CONTRATADO','Tiempo Parcial',13,6,19,1,0,'4','',NULL,NULL,NULL,'2017-09-25 23:30:07',0,0,0,0),(344,123,333333,'Abad','Escalante','Juan Carlos','Per','2010-02-15',1,'Doctor','Administraci','Usmp','Peru',1,0,1,'CONTRATADO','Tiempo Completo',16,4,20,1,0,'4','sistemas',NULL,NULL,'','2017-09-25 23:30:07',0,0,0,0),(345,123,333333,'Abad','Escalante','Juan Carlos','Per','2010-02-15',1,'Doctor','Administraci','Usmp','Peru',1,0,1,'CONTRATADO','Tiempo Completo',16,4,20,1,1,'4','sistemas','raul_gamarra@usmp.pe',998790999,'','2017-10-03 05:09:31',0,1,0,1),(346,2,87654321,'Acosta','Acosta','Willian Sergio','Peru','2010-03-16',1,'Doctor','Bachiller en Ciencias','Upc','Peru',1,1,1,'CONTRATADO','Tiempo Parcial',12,6,18,1,1,'4','civil','william_acosta@usmp.pe',909883933,NULL,'2017-10-03 05:09:31',0,1,0,0),(347,4,87654320,'Acu','Flores','Carlos Christian','Peru','2015-04-16',1,'Maestro','Bachiller en Biolog','Unmsm','Peru',1,1,1,'CONTRATADO','Tiempo Completo',10,2,12,1,1,'4','civil','carlos_acu',999873232,NULL,'2017-10-03 05:09:31',0,1,0,0),(348,8,87654326,'Alegria','Vidal','Rosa Mercedes','Peru','2010-06-16',1,'Doctor','Bachiller en Ciencias','Upc','Peru',1,1,1,'CONTRATADO','Tiempo Parcial',12,6,18,1,1,'4','sistemas','luis_arriola@usmp.pe',999873232,NULL,'2017-10-03 05:09:31',0,1,1,0),(349,10,87654328,'Ambia','Rebatta','Hugo Paulino','Peru','2010-08-16',1,'Doctor','Bachiller en Derecho','Upc','Peru',1,1,1,'CONTRATADO','Tiempo Parcial',12,6,18,1,1,'4','industrial','luis_arriola@usmp.pe',998790999,NULL,'2017-10-03 05:09:31',0,0,1,0),(350,11,87654329,'Amoros','Figueroa','Rodrigo','Peru','2010-09-16',1,'Doctor','Bachiller en Ciencias','Unmsm','Peru',1,1,1,'CONTRATADO','Tiempo Parcial',12,6,18,1,1,'4','industrial','mirtha_alferrano@usmp.pe',991212121,NULL,'2017-10-03 05:09:31',0,0,1,0),(351,1,12345678,'Abad','Escalante','Juan Carlos','Peru','2012-02-15',1,'Doctor','Administraci','Usmp','Peru',1,0,1,'CONTRATADO','Tiempo Completo',16,4,20,1,1,'4','sistemas','juan_abad@usm.pe',999873232,NULL,'2017-10-03 05:09:31',0,1,0,0),(352,14,87654341,'Arrieta','Freyre','Javier Eduardo','Peru','2010-12-16',1,'Doctor','Bachiller en Ciencias','Upc','Peru',1,1,1,'CONTRATADO','Tiempo Parcial',12,6,18,1,1,'4','sistemas','luis_arriola@usmp.pe',991212121,NULL,'2017-10-03 05:09:31',0,1,0,0),(353,16,87654361,'Arriola','Guevara','Luis Alberto','Peru','2010-03-02',1,'Doctor','Bachiller en Ciencias','Uni','Peru',1,1,1,'CONTRATADO','Tiempo Parcial',12,6,18,1,1,'4','aeronautica','celso_gonzales@usmp.pe',998790999,NULL,'2017-10-03 05:09:31',0,0,1,1),(354,17,87654371,'Bacigalupo','Olivari','Miguel Angel','Peru','2010-03-03',1,'Doctor','Bachiller en Ciencias','Upc','Peru',1,1,1,'CONTRATADO','Tiempo Parcial',12,6,18,1,1,'4','aeronautica','luis_arriola@usmp.pe',991212121,NULL,'2017-10-03 05:09:31',0,0,0,1),(355,18,87654381,'Balcazar','Hernandez','Yudy','Peru','2010-03-04',1,'Doctor','Bachiller en Ciencias','Usmp','Peru',1,1,1,'CONTRATADO','Tiempo Parcial',12,6,18,1,1,'4','aeronautica','mirtha_alferrano@usmp.pe',991212121,NULL,'2017-10-03 05:09:31',0,0,0,1),(356,19,87654391,'Ballena','Gonzales','Manuel','Peru','2010-03-05',1,'Doctor','Bachiller en Ciencias','Usmp','Peru',1,1,1,'CONTRATADO','Tiempo Parcial',12,6,18,1,1,'4','sistemas','elva_garcia@usmp.pe',998790999,NULL,'2017-10-03 05:09:31',0,0,1,1),(357,20,87654301,'Balta','Rospliglosi','Manuel Valeriano','Peru','2010-03-06',1,'Doctor','Bachiller en Ciencias','Upc','Peru',1,1,1,'CONTRATADO','Tiempo Parcial',12,6,18,1,1,'4','sistemas','carlos_acu',998987397,NULL,'2017-10-03 05:09:31',0,1,0,0),(358,22,87654221,'Barnet','Champommier','Yann Oliver','Peru','2010-03-08',1,'Doctor','Bachiller en Ciencias','Upc','Peru',1,1,1,'CONTRATADO','Tiempo Parcial',12,6,18,1,1,'4','civil','mirtha_alferrano@usmp.pe',991212121,NULL,'2017-10-03 05:09:31',0,1,0,0),(359,23,87654421,'Barnett','Mendoza','Edy Dalmiro','Peru','2010-03-09',1,'Doctor','Bachiller en Ciencias','Usmp','Peru',1,1,1,'CONTRATADO','Tiempo Parcial',12,6,18,1,1,'4','industrial','mirtha_alferrano@usmp.pe',998987397,NULL,'2017-10-03 05:09:31',0,1,0,0),(360,24,87654521,'Barrantes','Mann','Luis Alfonso','Peru','2010-03-10',1,'Doctor','Bachiller en Ciencias','Upc','Peru',1,1,1,'CONTRATADO','Tiempo Parcial',12,6,18,1,1,'4','sistemas','carlos_acu',998790999,NULL,'2017-10-03 05:09:31',0,1,0,0),(361,27,87654821,'Basile','Migliore','Jose Antonio','Peru','2010-03-20',1,'Doctor','Bachiller en Ciencias','Uni','Peru',1,1,1,'CONTRATADO','Tiempo Parcial',12,6,18,1,1,'4','sistemas','mirtha_alferrano@usmp.pe',998790999,NULL,'2017-10-03 05:09:31',0,1,0,0),(362,29,87654021,'Becerra','Pacherres','Augusto Oscar','Peru','2010-03-22',1,'Doctor','Bachiller en Ciencias','Upc','Peru',1,1,1,'CONTRATADO','Tiempo Parcial',12,6,18,1,1,'4','aeronautica','luis_arriola@usmp.pe',998987397,NULL,'2017-10-03 05:09:31',0,0,1,0),(363,31,87652321,'Benavente','Villena','Maria Elena','Peru','2010-03-24',1,'Doctor','Bachiller en Ciencias','Upc','Peru',1,1,1,'CONTRATADO','Tiempo Parcial',12,6,18,1,1,'4','industrial','carlos_acu',998987397,NULL,'2017-10-03 05:09:31',0,1,0,0),(364,36,87658321,'Bernuy','Alva','Augusto Ernesto','Peru','2010-03-29',1,'Doctor','Bachiller en Ciencias','Upc','Peru',1,1,1,'CONTRATADO','Tiempo Parcial',12,6,18,1,1,'4','aeronautica','mirtha_alferrano@usmp.pe',998790999,NULL,'2017-10-03 05:09:31',0,1,0,0),(365,40,87624321,'Bocangel','Weydert','Guillermo Augusto','Peru','2013-03-16',1,'Doctor','Bachiller en Ciencias','Upc','Peru',1,1,1,'CONTRATADO','Tiempo Parcial',12,6,18,1,1,'4','sistemas','guillermo_bocangel@usmp.pe',998732332,NULL,'2017-10-03 05:09:31',0,1,0,1),(366,44,87674321,'Caceres','Echegaray','Hector Alejandro','Peru','2009-03-16',1,'Doctor','Bachiller en Ciencias','Upc','Peru',1,1,1,'CONTRATADO','Tiempo Parcial',12,6,18,1,1,'4','civil','carlos_acu',998732332,NULL,'2017-10-03 05:09:31',0,1,0,0),(367,47,87604321,'Campos','Perez','Rosalvina','Peru','2006-03-16',1,'Doctor','Bachiller en Ciencias','Usmp','Peru',1,1,1,'CONTRATADO','Tiempo Parcial',12,6,18,1,1,'4','sistemas','elva_garcia@usmp.pe',998732332,NULL,'2017-10-03 05:09:31',0,1,0,0),(368,49,87254321,'Caparachin','Chuquihuaraca','Jaime Santos','Peru','2004-03-16',1,'Doctor','Bachiller en Ciencias','Upc','Peru',1,1,1,'CONTRATADO','Tiempo Parcial',12,6,18,1,1,'4','sistemas','celso_gonzales@usmp.pe',998790999,NULL,'2017-10-03 05:09:31',0,1,0,0),(369,50,87354321,'Cardenas','Lucero','Luis','Peru','2003-03-16',1,'Doctor','Bachiller en Ciencias','Uni','Peru',1,1,1,'CONTRATADO','Tiempo Parcial',12,6,18,1,1,'4','arquitectura','guillermo_bocangel@usmp.pe',998732332,NULL,'2017-10-03 05:09:31',0,1,0,0),(370,51,87454321,'Cardenas','Martinez','Jose Antonio','Peru','2002-03-16',1,'Doctor','Bachiller en Ciencias','Upc','Peru',1,1,1,'CONTRATADO','Tiempo Parcial',12,6,18,1,1,'4','civil','elva_garcia@usmp.pe',998732332,NULL,'2017-10-03 05:09:31',0,0,1,0),(371,54,87854321,'Casavilca','Maldonado','Edmundo','Peru','2010-04-01',1,'Doctor','Bachiller en Ciencias','Upc','Peru',1,1,1,'CONTRATADO','Tiempo Parcial',12,6,18,1,1,'4','arquitectura','guillermo_bocangel@usmp.pe',988988323,NULL,'2017-10-03 05:09:31',0,1,0,0),(372,55,87954321,'Castillo','Cavero','Rodolfo','Peru','2010-04-02',1,'Doctor','Bachiller en Ciencias','ULima','Peru',1,1,1,'CONTRATADO','Tiempo Parcial',12,6,18,1,1,'4','sistemas','carlos_acu',998790999,NULL,'2017-10-03 05:09:31',0,1,0,0),(373,56,87054321,'Castillo','Sini','Gustavo Alejandro','Peru','2010-04-03',1,'Doctor','Bachiller en Ciencias','Upc','Peru',1,1,1,'CONTRATADO','Tiempo Parcial',12,6,18,1,1,'4','industrial','luis_arriola@usmp.pe',988988323,NULL,'2017-10-03 05:09:31',0,1,0,0),(374,57,81654321,'Castro','Salazar','Fredy Adan','Peru','2010-04-04',1,'Doctor','Bachiller en Ciencias','Usmp','Peru',1,1,1,'CONTRATADO','Tiempo Parcial',12,6,18,1,1,'4','sistemas','celso_gonzales@usmp.pe',988988323,NULL,'2017-10-03 05:09:31',0,0,1,0),(375,64,89654321,'Cevallos','Echevarria','Alejandro Nestor','Peru','2010-04-11',1,'Doctor','Bachiller en Ciencias','Upc','Peru',1,1,1,'CONTRATADO','Tiempo Parcial',12,6,18,1,1,'4','arquitectura','guillermo_bocangel@usmp.pe',998889921,NULL,'2017-10-03 05:09:31',0,1,0,0),(376,66,17654321,'Chanca','Cortez','Luis Manuel','Peru','2010-04-13',1,'Doctor','Bachiller en Ciencias','Utp','Peru',1,1,1,'CONTRATADO','Tiempo Parcial',12,6,18,1,1,'4','arquitectura','juan_abad@usmp.pe',998921125,NULL,'2017-10-03 05:09:31',0,1,0,0),(377,72,77654321,'Cortez','Silva','Dimas Antonio','Peru','2010-04-20',1,'Doctor','Bachiller en Ciencias','Unmsm','Peru',1,1,1,'CONTRATADO','Tiempo Parcial',12,6,18,1,1,'4','civil','guillermo_bocangel@usmp.pe',998889921,NULL,'2017-10-03 05:09:31',0,1,0,0),(378,76,87954321,'De Los Rios','Hermoza','Justo Rafael','Peru','2010-04-24',1,'Doctor','Bachiller en Ciencias','Utp','Peru',1,1,1,'CONTRATADO','Tiempo Parcial',12,6,18,1,1,'4','aeronautica','celso_gonzales@usmp.pe',998889921,NULL,'2017-10-03 05:09:31',0,1,0,0),(379,79,82254321,'Diaz','Tejada','Gabriel Eduardo','Peru','2010-04-27',1,'Doctor','Bachiller en Ciencias','Upc','Peru',1,1,1,'CONTRATADO','Tiempo Parcial',12,6,18,1,1,'4','aeronautica','guillermo_bocangel@usmp.pe',998889921,NULL,'2017-10-03 05:09:31',0,1,0,1),(380,80,82354321,'Dur','Ramirez','Gary Gary','Peru','2010-04-28',1,'Doctor','Bachiller en Ciencias','Upc','Peru',1,1,1,'CONTRATADO','Tiempo Parcial',12,6,18,1,1,'4','industrial','julio_guzman@usmp.pe',998921125,NULL,'2017-10-03 05:09:31',0,1,0,0),(381,85,82854321,'Estela','Benavides','Bertha','Peru','2010-05-03',1,'Doctor','Bachiller en Ciencias','Upc','Peru',1,1,1,'CONTRATADO','Tiempo Parcial',12,6,18,1,1,'4','aeronautica','celso_gonzales@usmp.pe',998889921,NULL,'2017-10-03 05:09:31',0,0,0,1),(382,89,83254321,'Figueroa','Revilla','Jorge Martin','Peru','2010-05-07',1,'Doctor','Bachiller en Ciencias','Upc','Peru',1,1,1,'CONTRATADO','Tiempo Parcial',12,6,18,1,1,'4','sistemas','rafael_figueroa@usmp.pe',998889921,NULL,'2017-10-03 05:09:31',0,1,0,0),(383,94,83754321,'Galloso','Gentile','Alberto Cesar','Peru','2010-05-12',1,'Doctor','Bachiller en Ciencias','Upc','Peru',1,1,1,'CONTRATADO','Tiempo Parcial',12,6,18,1,1,'4','sistemas','elva_garcia@usmp.pe',998812111,NULL,'2017-10-03 05:09:31',0,0,1,0),(384,97,84054321,'Gamero','Rengifo','Luis Fernando','Peru','2010-05-18',1,'Doctor','Bachiller en Ciencias','Usmp','Peru',1,1,1,'CONTRATADO','Tiempo Parcial',12,6,18,1,1,'4','aeronautica','raul_gamarra@usmp.pe',998812111,NULL,'2017-10-03 05:09:31',0,1,0,0),(385,101,84454321,'Garcia','Lorente','Cesar','Peru','2010-05-21',1,'Doctor','Bachiller en Ciencias','Usmp','Peru',1,1,1,'CONTRATADO','Tiempo Parcial',12,6,18,1,1,'4','industrial','julio_guzman@usmp.pe',998812111,NULL,'2017-10-03 05:09:31',0,1,0,1),(386,105,11111111,'Gomero','Cordova','Eduardo Fernando','Peru','2003-03-14',0,'T','Bachiller en Econom','Ucv','Peru',1,1,1,'CONTRATADO','Tiempo Parcial',12,6,18,1,1,'4','industrial','javier_cieza@usmp.pe',998823232,NULL,'2017-10-03 05:09:31',0,1,1,0),(387,108,17893492,'Gonzales','Sanchez','Juan Julio','Peru','2007-03-10',1,'T','Bachiller en Derecho','Usil','Peru',1,1,1,'CONTRATADO','Tiempo Completo',12,8,20,1,1,'4','industrial','rafael_figueroa@usmp.pe',998790999,NULL,'2017-10-03 05:09:31',0,1,0,0),(388,110,74073297,'Grandez','Pizarro','Waldy Mercedes','Peru','2012-03-23',1,'T','Bachiller en Econom','Upc','Peru',1,1,1,'CONTRATADO','Tiempo Parcial',12,6,18,1,1,'4','sistemas','julio_guzman@usmp.pe',998812111,NULL,'2017-10-03 05:09:31',0,1,0,1),(389,112,83704341,'Guzm','Tasayco','Alfonso','Peru','2010-03-18',1,'Maestro','Bachiller en Derecho','Upc','Peru',1,1,1,'CONTRATADO','Tiempo Parcial',12,6,18,1,1,'4','industrial','celso_gonzales@usmp.pe',998790999,NULL,'2017-10-03 05:09:31',0,0,1,1),(390,113,1010101,'Guzman','Rouviros','Julio Alejandro','Peru','2004-03-12',1,'Doctor','Bachiller en Ciencias','Utp','Peru',1,0,1,'CONTRATADO','Tiempo Parcial',13,6,19,1,0,'4','sistemas','julio_guzman@usmp.pe',998823232,NULL,'2017-10-03 05:09:31',0,1,0,1),(391,107,99999999,'Gonzales','Chavesta','Celso','Peru','1999-03-16',1,'Maestro','Bachiller en Computaci','Uap','Peru',0,1,1,'CONTRATADO','Tiempo Parcial',13,5,18,1,0,'4','industrial','celso_gonzales@usmp.pe',998823232,NULL,'2017-10-03 05:09:31',0,0,0,1),(392,104,88888888,'Geronimo','Vasquez','Alfonso Herminio','Peru','2010-03-15',1,'Doctor','Bachiller en Arquitectura','Usil','Peru',1,1,1,'CONTRATADO','Tiempo Parcial',15,5,20,1,0,'4','sistemas','rafael_figueroa@usmp.pe',998790999,NULL,'2017-10-03 05:09:31',0,1,0,0),(393,102,84554321,'Garcia','Nu','Luz Elena','Peru','2010-05-22',1,'Doctor','Bachiller en Ciencias','Unmsm','Peru',1,1,1,'CONTRATADO','Tiempo Parcial',12,6,18,1,0,'4','sistemas','rafael_figueroa@usmp.pe',998812111,NULL,'2017-10-03 05:09:31',0,1,1,0),(394,99,84254321,'Garcia','Flores','Elva Nelly','Peru','2010-05-19',1,'Doctor','Bachiller en Ciencias','Upc','Peru',1,1,1,'CONTRATADO','Tiempo Parcial',12,6,18,1,0,'4','industrial','elva_garcia@usmp.pe',998823232,NULL,'2017-10-03 05:09:31',0,1,0,0),(395,98,84154321,'Garcia','Farje','Ruben Osvaldo','Peru','2010-05-17',1,'Doctor','Bachiller en Ciencias','ULima','Peru',1,1,1,'CONTRATADO','Tiempo Parcial',12,6,18,1,0,'4','aeronautica','rafael_figueroa@usmp.pe',998812111,NULL,'2017-10-03 05:09:31',0,1,0,0),(396,96,83954321,'Gamboa','Cruzado','Javier Arturo','Peru','2010-05-14',1,'Doctor','Bachiller en Ciencias','Upc','Peru',1,1,1,'CONTRATADO','Tiempo Parcial',12,6,18,1,0,'4','industrial','julio_guzman@usmp.pe',998823232,NULL,'2017-10-03 05:09:31',0,1,0,0),(397,91,83454321,'Fuentes','Flores','Maximo','Peru','2010-05-09',1,'Doctor','Bachiller en Ciencias','Upc','Peru',1,1,1,'CONTRATADO','Tiempo Parcial',12,6,18,1,0,'4','aeronautica','luis_arriola@usmp.pe',998812111,NULL,'2017-10-03 05:09:31',0,1,0,0),(398,88,83154321,'Figueroa','Lezama','Rafael','Peru','2010-05-06',1,'Doctor','Bachiller en Ciencias','Upc','Peru',1,1,1,'CONTRATADO','Tiempo Parcial',12,6,18,1,0,'4','aeronautica','rafael_figueroa@usmp.pe',998889921,NULL,'2017-10-03 05:09:31',0,1,0,0),(399,83,82654321,'Enriquez','Quinde','Benjamin Carlos','Peru','2010-05-01',1,'Doctor','Bachiller en Ciencias','Upc','Peru',1,1,1,'CONTRATADO','Tiempo Parcial',12,6,18,1,0,'4','industrial','javier_cieza@usmp.pe',998889921,NULL,'2017-10-03 05:09:31',0,1,0,0),(400,77,81554321,'De Olarte','Tristan','Jorge Luis','Peru','2010-04-25',1,'Doctor','Bachiller en Ciencias','Usmp','Peru',1,1,1,'CONTRATADO','Tiempo Parcial',12,6,18,1,0,'4','arquitectura','elva_garcia@usmp.pe',998921125,NULL,'2017-10-03 05:09:31',0,1,0,0),(401,73,97654321,'Cuadros','Ricra','Ruben Dario','Peru','2010-04-21',1,'Doctor','Bachiller en Ciencias','Upc','Peru',1,1,1,'CONTRATADO','Tiempo Parcial',12,6,18,1,0,'4','arquitectura','luis_arriola@usmp.pe',998921125,NULL,'2017-10-03 05:09:31',0,1,0,0),(402,70,57654321,'Consigliere','Cevasco','Luis Ricardo','Peru','2010-04-18',1,'Doctor','Bachiller en Ciencias','Upc','Peru',1,1,1,'CONTRATADO','Tiempo Parcial',12,6,18,1,0,'4','civil','juan_abad@usmp.pe',998921125,NULL,'2017-10-03 05:09:31',0,0,1,0),(403,60,84654321,'Celi','Saavedra','Luis','Peru','2010-04-07',1,'Doctor','Bachiller en Ciencias','Usmp','Peru',1,1,1,'CONTRATADO','Tiempo Parcial',12,6,18,1,0,'4','aeronautica','guillermo_bocangel@usmp.pe',988988323,NULL,'2017-10-03 05:09:31',0,1,0,0),(404,46,87694321,'Calderon','Caceres','Jose Luis','Peru','2007-03-16',1,'Doctor','Bachiller en Ciencias','Upc','Peru',1,1,1,'CONTRATADO','Tiempo Parcial',12,6,18,1,0,'4','civil','carlos_acu',998790999,NULL,'2017-10-03 05:09:31',0,1,0,0),(405,45,87684321,'Caceres','Lampen','Manuel Alejandro','Peru','2008-03-16',1,'Doctor','Bachiller en Ciencias','Upc','Peru',1,1,1,'CONTRATADO','Tiempo Parcial',12,6,18,1,0,'4','sistemas','guillermo_bocangel@usmp.pe',998790999,NULL,'2017-10-03 05:09:31',0,0,1,0),(406,38,87650321,'Bezada','Sanchez','Cesar Alfredo','Peru','2011-03-16',1,'Doctor','Bachiller en Ciencias','Upc','Peru',1,1,1,'CONTRATADO','Tiempo Parcial',12,6,18,1,0,'4','civil','elva_garcia@usmp.pe',998998844,NULL,'2017-10-03 05:09:31',0,0,0,1),(407,34,87656321,'Bernabel','Liza','Ana Maria','Peru','2010-03-27',1,'Doctor','Bachiller en Ciencias','Upc','Peru',1,1,1,'CONTRATADO','Tiempo Parcial',12,6,18,1,0,'4','sistemas','elva_garcia@usmp.pe',988877883,NULL,'2017-10-03 05:09:31',0,1,0,0),(408,28,87654921,'Bayona','Ore','Luz Sussy','Peru','2010-03-21',1,'Doctor','Bachiller en Ciencias','Uni','Peru',1,1,1,'CONTRATADO','Tiempo Parcial',12,6,18,1,0,'4','aeronautica','celso_gonzales@usmp.pe',998987397,NULL,'2017-10-03 05:09:31',0,1,0,0),(409,5,87654323,'Aguirre','Medrano','Rosa Virginia','Peru','2009-03-17',1,'Doctor','Bachiller en Ciencias','Upc','Peru',1,1,1,'CONTRATADO','Tiempo Parcial',12,6,18,1,0,'4','industrial','luis_arriola@usmp.pe',909883933,NULL,'2017-10-03 05:09:31',0,1,0,0),(410,6,87654324,'Alarco','Jer','Iv','Peru','2010-04-16',1,'Doctor','Bachiller en Ciencias','Usmp','Peru',1,1,1,'CONTRATADO','Tiempo Parcial',12,6,18,1,0,'4','sistemas','julio_guzman@usmp.pe',909883933,NULL,'2017-10-03 05:09:31',0,1,0,0),(411,7,87654325,'Alarcon','Centti','Jose','Peru','2010-05-16',1,'Doctor','Bachiller en Economia','Usmp','Peru',1,1,1,'CONTRATADO','Tiempo Parcial',12,6,18,1,0,'4','industrial','luis_arriola@usmp.pe',999873232,NULL,'2017-10-03 05:09:31',0,1,0,0),(412,3,87654322,'Aguero','Martinez La Rosa','Julio Cesar','Peru','2010-03-17',0,'Titulo','Bachiller en Ciencias','Upc','Peru',1,1,0,'CONTRATADO','Tiempo Parcial',12,6,18,1,0,'4','sistemas','julio_aguero@usmp.pe',909883933,NULL,'2017-10-03 05:09:31',0,0,1,0),(413,9,87654327,'Alferrano','Donofrio','Mirtha','Peru','2010-07-16',1,'Doctor','Bachiller en Ciencias','Utp','Peru',1,1,1,'CONTRATADO','Tiempo Parcial',12,6,18,1,0,'4','sistemas','mirtha_alferrano@usmp.pe',909883933,NULL,'2017-10-03 05:09:31',0,0,1,0),(414,12,87654311,'A','Gomez Sanchez','Roberto Enrique','Peru','2010-10-16',1,'Doctor','Bachiller en Ciencias','Upc','Peru',1,1,1,'CONTRATADO','Tiempo Parcial',12,6,18,1,0,'4','civil','roberto_a',991212121,NULL,'2017-10-03 05:09:31',0,1,0,0),(415,13,87654331,'Ara','Rojas','Silvia Liliana','Peru','2010-11-16',1,'Doctor','Bachiller en Educacion','Utp','Peru',1,1,1,'CONTRATADO','Tiempo Parcial',12,6,18,1,0,'4','sistemas','luis_arriola@usmp.pe',998790999,NULL,'2017-10-03 05:09:31',0,1,0,1),(416,15,87654351,'Arrieta','Taboada','Amanda','Peru','2010-03-01',1,'Doctor','Bachiller en Ciencias','Uni','Peru',1,1,1,'CONTRATADO','Tiempo Parcial',12,6,18,1,0,'4','civil','celso_gonzales@usmp.pe',991212121,NULL,'2017-10-03 05:09:31',0,1,0,1),(417,21,87654121,'Balta','Vargas-Machuca','Manuel','Peru','2010-03-07',1,'Doctor','Bachiller en Ciencias','Usmp','Peru',1,1,1,'CONTRATADO','Tiempo Parcial',12,6,18,1,0,'4','civil','carlos_acu',998790999,NULL,'2017-10-03 05:09:31',0,1,0,0),(418,32,87653321,'Benites','Gonzales','Willian Sergio','Peru','2010-03-25',1,'Doctor','Bachiller en Ciencias','Upc','Peru',1,1,1,'CONTRATADO','Tiempo Parcial',12,6,18,1,0,'4','industrial','celso_gonzales@usmp.pe',998790999,NULL,'2017-10-03 05:09:31',0,1,0,0),(419,33,87655321,'Benites','Vilela','Luis Fernando','Peru','2010-03-26',1,'Doctor','Bachiller en Ciencias','Upc','Peru',1,1,1,'CONTRATADO','Tiempo Parcial',12,6,18,1,0,'4','sistemas','carlos_acu',998732332,NULL,'2017-10-03 05:09:31',0,1,0,0),(420,35,87657321,'Bernal','Ortiz','Carlos Adolfo','Peru','2010-03-28',1,'Doctor','Bachiller en Ciencias','Upc','Peru',1,1,1,'CONTRATADO','Tiempo Parcial',12,6,18,1,0,'4','aeronautica','mirtha_alferrano@usmp.pe',998790999,NULL,'2017-10-03 05:09:31',0,1,0,0),(421,37,87659321,'Bertolotti','Zu','Carmen Rosa','Peru','2010-03-30',1,'Doctor','Bachiller en Ciencias','Upc','Peru',1,1,1,'CONTRATADO','Tiempo Parcial',12,6,18,1,0,'4','sistemas','mirtha_alferrano@usmp.pe',998732332,NULL,'2017-10-03 05:09:31',0,1,0,0),(422,43,87664321,'Cabrera','Iturria','Ricardo','Peru','2016-03-16',1,'Doctor','Bachiller en Ciencias','Utp','Peru',1,1,1,'CONTRATADO','Tiempo Parcial',12,6,18,1,0,'4','sistemas','carlos_acu',998732332,NULL,'2017-10-03 05:09:31',0,1,0,0),(423,48,87154321,'Cano','Tejada','Jose Antonio','Peru','2005-03-16',1,'Doctor','Bachiller en Ciencias','Upc','Peru',1,1,1,'CONTRATADO','Tiempo Parcial',12,6,18,1,0,'4','sistemas','celso_gonzales@usmp.pe',998790999,NULL,'2017-10-03 05:09:31',0,1,0,0),(424,58,82654321,'Cata','Espinoza','Humberto Daniel','Peru','2010-04-05',1,'Doctor','Bachiller en Ciencias','Upc','Peru',1,1,1,'CONTRATADO','Tiempo Parcial',12,6,18,1,0,'4','sistemas','celso_gonzales@usmp.pe',998790999,NULL,'2017-10-03 05:09:31',0,1,0,0),(425,61,85654321,'Cerdan','Chavarri','Mario Wilbe','Peru','2010-04-08',1,'Doctor','Bachiller en Ciencias','Upc','Peru',1,1,1,'CONTRATADO','Tiempo Parcial',12,6,18,1,0,'4','aeronautica','elva_garcia@usmp.pe',998790999,NULL,'2017-10-03 05:09:31',0,1,0,0),(426,62,86654321,'Cerpa','Espinosa','David','Peru','2010-04-09',1,'Doctor','Bachiller en Ciencias','Ucv','Peru',1,1,1,'CONTRATADO','Tiempo Parcial',12,6,18,1,0,'4','aeronautica','elva_garcia@usmp.pe',998889921,NULL,'2017-10-03 05:09:31',0,1,0,0),(427,63,88654321,'Cerron','Ruiz','Eulogio','Peru','2010-04-10',1,'Doctor','Bachiller en Ciencias','Uap','Peru',1,1,1,'CONTRATADO','Tiempo Parcial',12,6,18,1,0,'4','industrial','guillermo_bocangel@usmp.pe',998889921,NULL,'2017-10-03 05:09:31',0,1,0,0),(428,65,80654321,'Chacon','Moscoso','Hugo Liu','Peru','2010-04-12',1,'Doctor','Bachiller en Ciencias','Upc','Peru',1,1,1,'CONTRATADO','Tiempo Parcial',12,6,18,1,0,'4','aeronautica','carlos_acu',998790999,NULL,'2017-10-03 05:09:31',0,1,0,1),(429,67,27654321,'Chavarry','Vallejos','Carlos Magno','Peru','2010-04-14',1,'Doctor','Bachiller en Ciencias','Upc','Peru',1,1,1,'CONTRATADO','Tiempo Parcial',12,6,18,1,0,'4','aeronautica','carlos_acu',998921125,NULL,'2017-10-03 05:09:31',0,1,0,0),(430,68,37654321,'Chavez','Rodriguez','Michael Jesus','Peru','2010-04-15',1,'Doctor','Bachiller en Ciencias','Usmp','Peru',1,1,1,'CONTRATADO','Tiempo Parcial',12,6,18,1,0,'4','arquitectura','juan_abad@usmp.pe',998921125,NULL,'2017-10-03 05:09:31',0,1,0,1),(431,74,7654321,'De La Vega','Picoaga','Fresia','Peru','2010-04-22',1,'Doctor','Bachiller en Ciencias','Usmp','Peru',1,1,1,'CONTRATADO','Tiempo Parcial',12,6,18,1,0,'4','aeronautica','luis_arriola@usmp.pe',998921125,NULL,'2017-10-03 05:09:31',0,1,0,0),(432,78,82154321,'Del Carpio','Damian','Christian Carlos','Peru','2010-04-26',1,'Doctor','Bachiller en Ciencias','Upc','Peru',1,1,1,'CONTRATADO','Tiempo Parcial',12,6,18,1,0,'4','industrial','javier_cieza@usmp.pe',998921125,NULL,'2017-10-03 05:09:31',0,1,0,0),(433,84,82754321,'Esparza','Castillo','Olenka','Peru','2010-05-02',1,'Doctor','Bachiller en Ciencias','Upc','Peru',1,1,1,'CONTRATADO','Tiempo Parcial',12,6,18,1,0,'4','industrial','julio_guzman@usmp.pe',998921125,NULL,'2017-10-03 05:09:31',0,1,0,0),(434,87,83054321,'Fano','Miranda','Gonzalo','Peru','2010-05-05',1,'Doctor','Bachiller en Ciencias','Upc','Peru',1,1,1,'CONTRATADO','Tiempo Parcial',12,6,18,1,0,'4','industrial','julio_guzman@usmp.pe',998921125,NULL,'2017-10-03 05:09:31',0,1,0,0),(435,90,83354321,'Florian','Castillo','Tulio Elias','Peru','2010-05-08',1,'Doctor','Bachiller en Ciencias','Upc','Peru',1,1,1,'CONTRATADO','Tiempo Parcial',12,6,18,1,0,'4','sistemas','javier_cieza@usmp.pe',998823232,NULL,'2017-10-03 05:09:31',0,1,0,0),(436,92,83554321,'Galindo','Guerra','Gary Joseph Loui','Peru','2010-05-10',1,'Doctor','Bachiller en Ciencias','Upc','Peru',1,1,1,'CONTRATADO','Tiempo Parcial',12,6,18,1,0,'4','industrial','julio_guzman@usmp.pe',998823232,NULL,'2017-10-03 05:09:31',0,1,0,0),(437,100,84354321,'Garcia','Guerra','Juan Diego','Peru','2010-05-20',1,'Doctor','Bachiller en Ciencias','Utp','Peru',1,1,1,'CONTRATADO','Tiempo Parcial',12,6,18,1,0,'4','industrial','rafael_figueroa@usmp.pe',998823232,NULL,'2017-10-03 05:09:31',0,1,0,0),(438,103,12365479,'Garcia','Sanchez','Marta Pamela','Peru','2008-03-13',1,'Maestr','Bachiller en Ciencias','Upn','Peru',0,1,1,'CONTRATADO','Tiempo Completo',15,8,23,1,0,'4','sistemas','javier_cieza@usmp.pe',998823232,NULL,'2017-10-03 05:09:31',0,1,0,0),(439,111,23148930,'Guerrero','Navarro','Raul Agustin','Peru','2005-03-13',1,'Doctor','Bachiller en Ciencias Contables','Usmp','Peru',1,1,1,'CONTRATADO','Tiempo Completo',15,6,21,1,0,'4','industrial','celso_gonzales@usmp.pe',998823232,NULL,'2017-10-03 05:09:31',0,1,0,0),(440,106,34532689,'Gonzales','Alva','Luis Eduardo','Peru','2010-03-13',1,'Maestr','Bachiller en Educaci','Upn','Peru',1,1,0,'CONTRATADO','Tiempo Completo',14,5,19,0,0,'4','sistemas','julio_guzman@usmp.pe',998812111,NULL,'2017-10-03 05:09:31',0,0,1,0),(441,109,9431874,'Gonzalo','Silva','Eduardo Ramon','Peru','2004-03-20',1,'Doctor','Bachiller en Ciencias Matem','Uigv','Peru',1,1,1,'CONTRATADO','Tiempo Parcial',15,6,21,1,0,'4','aeronautica','celso_gonzales@usmp.pe',998812111,NULL,'2017-10-03 05:09:31',0,0,1,0),(442,93,83654321,'Gallegos','Valderrama','Meriedi','Peru','2010-05-11',1,'Doctor','Bachiller en Ciencias','Upc','Peru',1,1,1,'CONTRATADO','Tiempo Parcial',12,6,18,1,0,'4','industrial','javier_cieza@usmp.pe',998823232,NULL,'2017-10-03 05:09:31',0,0,1,0),(443,95,83854321,'Gamarra','Villacorta','Raul','Peru','2010-05-13',1,'Doctor','Bachiller en Ciencias','Usmp','Peru',1,1,1,'CONTRATADO','Tiempo Parcial',12,6,18,1,0,'4','industrial','raul_gamarra@usmp.pe',998812111,NULL,'2017-10-03 05:09:31',0,1,0,1),(444,86,82954321,'Falcon','Soto','Arnaldo','Peru','2010-05-04',1,'Doctor','Bachiller en Ciencias','Upc','Peru',1,1,1,'CONTRATADO','Tiempo Parcial',12,6,18,1,0,'4','industrial','elva_garcia@usmp.pe',998921125,NULL,'2017-10-03 05:09:31',0,0,0,1),(445,81,82454321,'Egoavil','La Torre','Victor Raul','Peru','2010-04-29',1,'Doctor','Bachiller en Ciencias','Upc','Peru',1,1,1,'CONTRATADO','Tiempo Parcial',12,6,18,1,0,'4','aeronautica','guillermo_bocangel@usmp.pe',998889921,NULL,'2017-10-03 05:09:31',0,0,1,1),(446,82,82554321,'Elaez','Cisneros','Eliazaf Guillermo','Peru','2010-04-30',1,'Doctor','Bachiller en Ciencias','Upc','Peru',1,1,1,'CONTRATADO','Tiempo Parcial',12,6,18,1,0,'4','industrial','guillermo_bocangel@usmp.pe',998921125,NULL,'2017-10-03 05:09:31',0,0,1,0),(447,75,84654321,'De La Torre','Puente','Maria Elena','Peru','2010-04-23',1,'Doctor','Bachiller en Ciencias','Upc','Peru',1,1,1,'CONTRATADO','Tiempo Parcial',12,6,18,1,0,'4','civil','julio_guzman@usmp.pe',998921125,NULL,'2017-10-03 05:09:31',0,0,1,0),(448,71,67654321,'Contreras','Villarreal','Luis Wilfredo','Peru','2010-04-19',1,'Doctor','Bachiller en Ciencias','ULima','Peru',1,1,1,'CONTRATADO','Tiempo Parcial',12,6,18,1,0,'4','aeronautica','javier_cieza@usmp.pe',998921125,NULL,'2017-10-03 05:09:31',0,0,1,0),(449,69,47654321,'Cieza','Davila','Javier Eduardo','Peru','2010-04-17',1,'Doctor','Bachiller en Ciencias','Usmp','Peru',1,1,1,'CONTRATADO','Tiempo Parcial',12,6,18,1,0,'4','aeronautica','javier_cieza@usmp.pe',998889921,NULL,'2017-10-03 05:09:31',0,0,1,0),(450,59,83654321,'Ccoyure','Tito','Ricardo Wilber','Peru','2010-04-06',1,'Doctor','Bachiller en Ciencias','Upc','Peru',1,1,1,'CONTRATADO','Tiempo Parcial',12,6,18,1,0,'4','arquitectura','carlos_acu',988988323,NULL,'2017-10-03 05:09:31',0,0,0,1),(451,53,87754321,'Carpio','Delgado','Guitter Guillermo','Peru','2000-03-16',1,'Doctor','Bachiller en Ciencias','Upc','Peru',1,1,1,'CONTRATADO','Tiempo Parcial',12,6,18,1,0,'4','arquitectura','luis_arriola@usmp.pe',988988323,NULL,'2017-10-03 05:09:31',0,1,0,0),(452,52,87554321,'Cardenas','Zavala','Germain Leonardo','Peru','2001-03-16',1,'Doctor','Bachiller en Ciencias','Upc','Peru',1,1,1,'CONTRATADO','Tiempo Parcial',12,6,18,1,0,'4','sistemas','guillermo_bocangel@usmp.pe',998790999,NULL,'2017-10-03 05:09:31',0,1,1,0),(453,41,87634321,'Buendia','Rios','Hildebrando','Peru','2014-03-16',1,'Doctor','Bachiller en Ciencias','Upc','Peru',1,1,1,'CONTRATADO','Tiempo Parcial',12,6,18,1,0,'4','civil','silverio_bustos@usmp.pe',998790999,NULL,'2017-10-03 05:09:31',0,0,1,0),(454,42,87644321,'Bustos','Diaz','Silverio','Peru','2015-03-16',1,'Doctor','Bachiller en Ciencias','Upc','Peru',1,1,1,'CONTRATADO','Tiempo Parcial',12,6,18,1,0,'4','civil','silverio_bustos@usmp.pe',998732332,NULL,'2017-10-03 05:09:31',0,0,0,1),(455,39,87614321,'Blanco','Zu','Yvan','Peru','2012-03-16',1,'Doctor','Bachiller en Ciencias','Unmsm','Peru',1,1,1,'CONTRATADO','Tiempo Parcial',12,6,18,1,0,'4','civil','elva_garcia@usmp.pe',993232323,NULL,'2017-10-03 05:09:31',0,0,0,1),(456,30,87651321,'Bedia','Guillen','Ciro Sergio','Peru','2010-03-23',1,'Doctor','Bachiller en Ciencias','Upc','Peru',1,1,1,'CONTRATADO','Tiempo Parcial',12,6,18,1,0,'4','sistemas','luis_arriola@usmp.pe',998790999,NULL,'2017-10-03 05:09:31',0,0,1,0),(457,25,87654621,'Barraza','Salguero','Victor Eduardo','Peru','2010-03-11',1,'Doctor','Bachiller en Ciencias','Utp','Peru',1,1,1,'CONTRATADO','Tiempo Parcial',12,6,18,1,0,'4','industrial','celso_gonzales@usmp.pe',998987397,NULL,'2017-10-03 05:09:31',0,1,1,0),(458,26,87654721,'Barreto','Bardales','Tomas Fernando','Peru','2010-03-12',1,'Doctor','Bachiller en Ciencias','ULima','Peru',1,1,1,'CONTRATADO','Tiempo Parcial',12,6,18,1,0,'4','sistemas','elva_garcia@usmp.pe',998987397,NULL,'2017-10-03 05:09:31',0,0,0,0),(459,123,333333,'Abad','Escalante','Juan Carlos','Peru','2010-02-15',1,'Doctor','Administracion','Usmp','Peru',1,0,1,'CONTRATADO','Tiempo Completo',16,4,20,1,1,'4','sistemas','raul_gamarra@usmp.pe',998790999,'','2017-10-06 00:25:56',0,1,0,1),(460,1,12345678,'ABAD','Escalante','Juan Carlos','Peru','2012-02-15',1,'Doctor','Administraci','Usmp','Peru',1,0,1,'CONTRATADO','Tiempo Completo',16,4,20,1,1,'4','sistemas','juan_abadon@usm.pe',999873232,'ASDASD','2017-10-06 15:58:37',0,0,0,0),(461,124,72736012,'sadasd','sadasd','sadsad','Angola','2017-10-18',1,'Maestria','asdsad','ASDASDSA','Anguilla',1,1,1,'ORDINARIOAU','Tiempo Parcial',2,2,4,1,1,'2','ASDASD','erick3797@hotmail.com',159195,'ASDSADASD','2017-10-06 20:45:38',0,0,0,0);
/*!40000 ALTER TABLE `docente_audi` ENABLE KEYS */;
UNLOCK TABLES;

--
-- Table structure for table `equipo`
--

DROP TABLE IF EXISTS `equipo`;
/*!40101 SET @saved_cs_client     = @@character_set_client */;
/*!40101 SET character_set_client = utf8 */;
CREATE TABLE `equipo` (
  `idequipo` varchar(12) NOT NULL,
  `codE_aula` varchar(12) NOT NULL,
  `modelo` varchar(45) DEFAULT NULL,
  `decripcion` varchar(45) DEFAULT NULL,
  `cantidad` int(11) DEFAULT NULL,
  PRIMARY KEY (`idequipo`),
  KEY `idE_aula_idx` (`codE_aula`),
  CONSTRAINT `idE_aula` FOREIGN KEY (`codE_aula`) REFERENCES `aula` (`idaula`) ON DELETE NO ACTION ON UPDATE NO ACTION
) ENGINE=InnoDB DEFAULT CHARSET=utf8;
/*!40101 SET character_set_client = @saved_cs_client */;

--
-- Dumping data for table `equipo`
--

LOCK TABLES `equipo` WRITE;
/*!40000 ALTER TABLE `equipo` DISABLE KEYS */;
/*!40000 ALTER TABLE `equipo` ENABLE KEYS */;
UNLOCK TABLES;

--
-- Table structure for table `escuela`
--

DROP TABLE IF EXISTS `escuela`;
/*!40101 SET @saved_cs_client     = @@character_set_client */;
/*!40101 SET character_set_client = utf8 */;
CREATE TABLE `escuela` (
  `idescuela` varchar(12) NOT NULL,
  `descripcion` varchar(45) DEFAULT NULL,
  `facultad` varchar(45) DEFAULT NULL,
  `usu_crea_reg` varchar(45) DEFAULT NULL,
  `fec_crea_reg` datetime DEFAULT NULL,
  `ult_usu_mod_reg` varchar(45) DEFAULT NULL,
  `fec_ult_mod_reg` datetime DEFAULT NULL,
  PRIMARY KEY (`idescuela`)
) ENGINE=InnoDB DEFAULT CHARSET=utf8;
/*!40101 SET character_set_client = @saved_cs_client */;

--
-- Dumping data for table `escuela`
--

LOCK TABLES `escuela` WRITE;
/*!40000 ALTER TABLE `escuela` DISABLE KEYS */;
INSERT INTO `escuela` VALUES ('101','Ingenieria de Computacion y Sistemas','FIA',NULL,NULL,NULL,NULL),('202','Ingenieria Industrial','FIA',NULL,NULL,NULL,NULL),('303','Arquitectura','FIA',NULL,NULL,NULL,NULL),('404','Ingeniería Civil','FIA',NULL,NULL,NULL,NULL),('505','Ingeniería Electrónica','FIA',NULL,NULL,NULL,NULL),('606','Ingeniería en Industrias Alimentarias','FIA',NULL,NULL,NULL,NULL),('707','Ciencias Aeronáuticas','FIA',NULL,NULL,NULL,NULL),('999','Admin','Admin',NULL,NULL,NULL,NULL);
/*!40000 ALTER TABLE `escuela` ENABLE KEYS */;
UNLOCK TABLES;

--
-- Table structure for table `horario`
--

DROP TABLE IF EXISTS `horario`;
/*!40101 SET @saved_cs_client     = @@character_set_client */;
/*!40101 SET character_set_client = utf8 */;
CREATE TABLE `horario` (
  `idHorario` int(11) NOT NULL AUTO_INCREMENT,
  `codH_sem` varchar(12) NOT NULL,
  `codH_curso` int(11) NOT NULL,
  `codH_doc` int(11) NOT NULL,
  `codH_secc` varchar(12) NOT NULL,
  `codH_aula` varchar(12) NOT NULL,
  `dia` varchar(12) DEFAULT NULL,
  `hora_ini` int(11) DEFAULT NULL,
  `hora_fiN` int(11) DEFAULT NULL,
  `cod_esc` varchar(12) DEFAULT NULL,
  PRIMARY KEY (`idHorario`,`codH_sem`,`codH_curso`,`codH_doc`,`codH_secc`,`codH_aula`),
  KEY `fk_horario_semestre` (`codH_sem`),
  KEY `fk_horario_docente` (`codH_doc`),
  KEY `fk_horario_seccion` (`codH_secc`),
  KEY `fk_horario_aula` (`codH_aula`),
  KEY `fk_horario_escuela` (`cod_esc`),
  KEY `fk_horario_curso_idx` (`codH_curso`),
  CONSTRAINT `fk_horario_aula` FOREIGN KEY (`codH_aula`) REFERENCES `aula` (`idaula`) ON DELETE NO ACTION ON UPDATE NO ACTION,
  CONSTRAINT `fk_horario_curso` FOREIGN KEY (`codH_curso`) REFERENCES `curso` (`index_curso`) ON DELETE NO ACTION ON UPDATE NO ACTION,
  CONSTRAINT `fk_horario_docente` FOREIGN KEY (`codH_doc`) REFERENCES `docente` (`id`) ON DELETE NO ACTION ON UPDATE NO ACTION,
  CONSTRAINT `fk_horario_escuela` FOREIGN KEY (`cod_esc`) REFERENCES `escuela` (`idescuela`) ON DELETE NO ACTION ON UPDATE NO ACTION,
  CONSTRAINT `fk_horario_seccion` FOREIGN KEY (`codH_secc`) REFERENCES `seccion` (`idseccion`) ON DELETE NO ACTION ON UPDATE NO ACTION,
  CONSTRAINT `fk_horario_semestre` FOREIGN KEY (`codH_sem`) REFERENCES `semestre` (`idSemestre`) ON DELETE NO ACTION ON UPDATE NO ACTION
) ENGINE=InnoDB AUTO_INCREMENT=10 DEFAULT CHARSET=utf8;
/*!40101 SET character_set_client = @saved_cs_client */;

--
-- Dumping data for table `horario`
--

LOCK TABLES `horario` WRITE;
/*!40000 ALTER TABLE `horario` DISABLE KEYS */;
INSERT INTO `horario` VALUES (1,'4',1,1,'50A','13','LUNES',800,930,'101'),(2,'4',1,1,'51A','14','LUNES',800,910,'101'),(3,'4',1,1,'52A','15','MIERCOLES',800,845,'101'),(4,'4',1,2,'53A','1','MARTES',800,845,'101'),(9,'4',1,2,'54A','13','MARTES',845,1015,'101');
/*!40000 ALTER TABLE `horario` ENABLE KEYS */;
UNLOCK TABLES;

--
-- Table structure for table `horario_excel`
--

DROP TABLE IF EXISTS `horario_excel`;
/*!40101 SET @saved_cs_client     = @@character_set_client */;
/*!40101 SET character_set_client = utf8 */;
CREATE TABLE `horario_excel` (
  `id_horario_excel` int(11) NOT NULL AUTO_INCREMENT,
  `ciclo` varchar(5) DEFAULT NULL,
  `tur` varchar(5) NOT NULL,
  `cod_cur` varchar(45) NOT NULL,
  `cod_cu_teoria` varchar(45) DEFAULT NULL,
  `profesor` varchar(50) NOT NULL,
  `curso` varchar(45) NOT NULL,
  `desres` varchar(45) DEFAULT NULL,
  `seccion` varchar(16) DEFAULT NULL,
  `aula` varchar(16) DEFAULT NULL,
  `escuela` varchar(45) DEFAULT NULL,
  `numcre` varchar(5) NOT NULL,
  `lunes` varchar(45) DEFAULT NULL,
  `martes` varchar(45) DEFAULT NULL,
  `miercoles` varchar(45) DEFAULT NULL,
  `jueves` varchar(45) DEFAULT NULL,
  `viernes` varchar(45) DEFAULT NULL,
  `sabado` varchar(45) DEFAULT NULL,
  `domingo` varchar(45) DEFAULT NULL,
  `horas_semana` int(11) NOT NULL,
  PRIMARY KEY (`id_horario_excel`)
) ENGINE=InnoDB AUTO_INCREMENT=239 DEFAULT CHARSET=utf8;
/*!40101 SET character_set_client = @saved_cs_client */;

--
-- Dumping data for table `horario_excel`
--

LOCK TABLES `horario_excel` WRITE;
/*!40000 ALTER TABLE `horario_excel` DISABLE KEYS */;
INSERT INTO `horario_excel` VALUES (1,'01','T','090005','','CHANCA CORTEZ,LUIS MANUEL','ACTIV.I - AJEDREZ             ','ACTIVIDADES I','60A','01-0S-1','SIS, IND, CIV, ARQ, CC.','01','15:30-17:00','','','','','','',2),(2,'01','T','090005','','BASILE MIGLIORE,JOSE ANTONIO','ACTIV.I - BASKET             ','ACTIVIDADES I','62A','04-4COL','SIS, IND, CIV, ARQ, CC.','01','','13:15-14:45','','','','','',2),(3,'01','T','090005','','CERRON RUIZ,EULOGIO','ACTIV.I - DANZA                  ','ACTIVIDADES I','63A','04-4PAN','SIS, IND, CIV, ARQ, CC.','01','','','','','14:45-16:15','','',2),(4,'01','T','090005','','SALINAS VERANO,EVERTH EDILBERTO','ACTIV.I - DANZA                  ','ACTIVIDADES I','65A','04-4PAN','SIS, IND, CIV, ARQ, CC.','01','','','','14:45-16:15','','','',2),(5,'01','T','090005','','CACERES ECHEGARAY,HECTOR ALEJANDRO','ACTIV.I - FUTBOL              ','ACTIVIDADES I','67A','04-4COL','SIS, IND, CIV, ARQ, CC.','01','','','14:45-16:15','','','','',2),(6,'01','T','090005','','CACERES ECHEGARAY,HECTOR ALEJANDRO','ACTIV.I - FUTBOL              ','ACTIVIDADES I','68A','04-4COL','SIS, IND, CIV, ARQ, CC.','01','','','16:15-17:45','','','','',2),(7,'01','M','090005','','VASQUEZ JARA,RUBEN FELIPE','ACTIV.I - FUTBOL              ','ACTIVIDADES I','69A','04-4COL','SIS, IND, CIV, ARQ, CC.','01','','','','','14:45-16:15','','',2),(8,'01','T','090005','','AMBIA REBATTA,HUGO PAULINO','ACTIV.I - GUITARRA               ','ACTIVIDADES I','72A','03-3104','SIS, IND, CIV, ARQ, CC.','01','','','','','16:15-17:45','','',2),(9,'01','T','090005','','BLANCO ZUÑIGA,YVAN','ACTIV.I - KARATE','ACTIVIDADES I','73A','04-4PAN','SIS, IND, CIV, ARQ, CC.','01','','','','','14:45-16:15','','',2),(10,'01','T','090005','','DELGADO CONTRERAS,SILVIA DORIS','ACTIV.I - PINTURA','ACTIVIDADES I','74A','03-3TIN','SIS, IND, CIV, ARQ, CC.','01','16:15-17:45','','','','','','',2),(11,'01','T','090005','','CABRERA ITURRIA,RICARDO','ACTIV.I - TEATRO                   ','ACTIVIDADES I','76A','03-3104','SIS, IND, CIV, ARQ, CC.','01','15:30-17:00','','','','','','',2),(12,'01','T','090005','','BALCAZAR HERNANDEZ,YUDY','ACTIV.I - VOLEY                 ','ACTIVIDADES I','77A','04-4COL','SIS, IND, CIV, ARQ, CC.','01','','','','14:45-16:15','','','',2),(13,'01','M','090003','','GUZMAN TASAYCO,ALFONSO','FILOSOFIA','FILOSOFIA','01A','01-0101','SIS','03','','','','','10:15-12:30','','',3),(14,'01','M','090663','','GAMARRA VILLACORTA,RAUL','GEOMETRIA ANALITICA','GEOMETRIA ANALITICA','01A','01-0101','SIS','04','','','08:00-10:15','','08:45-10:15','','',5),(15,'01','M','090971','','SIN DOCENTE, ','INGLES I','INGLES I','01A','07-V001','SIS','01','','','','','','','08:00 09:30',2),(16,'01','M','090971','','SIN DOCENTE, ','INGLES I','INGLES I','02A','07-V002','SIS','01','','','','','','','08:00 09:30',2),(17,'01','M','090971','','SIN DOCENTE, ','INGLES I','INGLES I','13A','07-V001','SIS, ELE, IND, CIV, ARQ, ALI, CC.','01','','','','','','','08:00 09:30',2),(18,'01','M','090971','','SIN DOCENTE, ','INGLES I','INGLES I','14A','07-V004','SIS, ELE, IND, CIV, ARQ, ALI, CC.','01','','','','','','','08:00 09:30',2),(19,'01','M','090662','','LOPEZ GOYCOCHEA,JEFFERSON','INTRO. A LA INGENIERIA','INTRO. A LA INGENIERIA','01A','01-0101','SIS','02','','','10:15-12:30','','','','',3),(20,'01','M','090002','','CAMPOS PEREZ,ROSALVINA','LENGUAJE','LENGUAJE','01A','01-0101','SIS','02','08:00-10:15','','','','','','',3),(21,'01','M','090668','','NAZARIO BAO,OFELIA ASUNCION','MATEMATICA DISCRETA','MATEMATICA DISCRETA','01A','01-0101','SIS','05','','10:15-12:30','','10:15-12:30','','','',6),(22,'01','M','090668','','SIN DOCENTE, ','MATEMATICA DISCRETA','MATEMATICA DISCRETA','02A','01-0202','SIS','05','','10:15-12:30','','10:15-12:30','','','',6),(23,'01','M','090710','','VEXLER TELLO,IDEL DAVID','METODOS DE ESTUDIO ','METODOS DE ESTUDIO ','01A','01-0101','SIS','02','10:15-12:30','','','','','','',3),(24,'01','M','090709','','LEVANO CASTILLO,FERNANDO LUIS','REALIDAD NACIONAL','REALIDAD NACIONAL','01A','01-0101','SIS','03','','08:00-10:15','','','','','',3),(25,'02','T','090020','','CHANCA CORTEZ,LUIS MANUEL','ACTIV.II - AJEDREZ             ','ACTIVIDADES II','71B','01-0S-1','SIS, IND, CIV, ARQ, CC.','01','17:00-18:30','','','','','','',2),(26,'02','T','090020','','BASILE MIGLIORE,JOSE ANTONIO','ACTIV.II - BASKET             ','ACTIVIDADES II','67B','04-4COL','SIS, IND, CIV, ARQ, CC.','01','','','13:15-14:45','','','','',2),(27,'02','T','090020','','CERRON RUIZ,EULOGIO','ACTIV.II - DANZA                  ','ACTIVIDADES II','61B','04-4PAN','SIS, IND, CIV, ARQ, CC.','01','','','','','16:15-17:45','','',2),(28,'02','M','090020','','SALINAS VERANO,EVERTH EDILBERTO','ACTIV.II - DANZA                  ','ACTIVIDADES II','70B','04-4PAN','SIS, IND, CIV, ARQ, CC.','01','','','','','','10:15-11:45','',2),(29,'02','T','090020','','VASQUEZ JARA,RUBEN FELIPE','ACTIV.II - FUTBOL              ','ACTIVIDADES II','66B','04-4COL','SIS, IND, CIV, ARQ, CC.','01','16:15-17:45','','','','','','',2),(30,'02','T','090020','','BLANCO ZUÑIGA,YVAN','ACTIV.II - KARATE','ACTIVIDADES II','57B','04-4PAN','SIS, IND, CIV, ARQ, CC.','01','','','14:45-16:15','','','','',2),(31,'02','M','090020','','BENITES GONZALES,GLADYS NORA','ACTIV.II - MARKETING PERSONAL Y PROFESION','ACTIVIDADES II','69B','03-3206','SIS, IND, CIV, ARQ, CC.','01','','','','','','08:45-10:15','',2),(32,'02','M','090020','','GARCIA FLORES,ELVA NELLY','ACTIV.II - PRIMEROS AUXILIOS','ACTIVIDADES II','68B','03-3205','SIS, IND, CIV, ARQ, CC.','01','','','','','','08:45-10:15','',2),(33,'02','T','090020','','CABRERA ITURRIA,RICARDO','ACTIV.II - TEATRO                   ','ACTIVIDADES II','58B','03-3303','SIS, IND, CIV, ARQ, CC.','01','17:00-18:30','','','','','','',2),(34,'02','T','090020','','BALCAZAR HERNANDEZ,YUDY','ACTIV.II - VOLEY                 ','ACTIVIDADES II','72B','04-4COL','SIS, IND, CIV, ARQ, CC.','01','','','','16:15-17:45','','','',2),(35,'02','M','090366','','MONZON MONZON,CARMEN ROSA','ALGEBRA LINEAL','ALGEBRA LINEAL','17B','01-0204','SIS, IND, CIV','05','','10:15-12:30','','10:15-12:30','','','',6),(36,'02','M','090366','','MONZON MONZON,CARMEN ROSA','ALGEBRA LINEAL','ALGEBRA LINEAL','18B','01-0301','SIS, IND, CIV','05','','08:00-10:15','','08:00-10:15','','','',6),(37,'02','T','090366','','MONZON MONZON,CARMEN ROSA','ALGEBRA LINEAL','ALGEBRA LINEAL','19B','01-0102','SIS, IND, CIV','05','','15:30-17:45','','','','','',3),(38,'02','T','090366','','MONZON MONZON,CARMEN ROSA','ALGEBRA LINEAL','ALGEBRA LINEAL','19B','01-0201','SIS, IND, CIV','05','','','','15:30-17:45','','','',3),(39,'02','M','090655','','SCARPATI GALVEZ,GIAN CARLO','CALCULO I','CALCULO I','17B','03-3103','SIS, IND, CIV','05','','08:00-10:15','','08:00-10:15','','','',6),(40,'02','N','090655','','MITAC PORTUGAL,RAUL FERNANDO','CALCULO I','CALCULO I','19B','01-0102','SIS, IND, CIV','05','17:00-19:15','17:45-20:00','','','','','',6),(41,'02','T','090655','','ACOSTA ACOSTA,WILLIAM SERGIO','CALCULO I','CALCULO I','20B','01-0102','SIS, IND, CIV','05','','13:15-15:30','','','','','',3),(42,'02','T','090655','','ACOSTA ACOSTA,WILLIAM SERGIO','CALCULO I','CALCULO I','20B','01-0101','SIS, IND, CIV','05','','','','13:15-15:30','','','',3),(43,'02','N','090665','','QUISPE RODRIGUEZ,ANA MILAGROS JANET','FUNDAMENTOS DISEÑO WEB','FUNDAMENTOS DISEÑO WEB','17B','02-0E-1','SIS','03','','12:30-14:00','','12:30-14:00','','','',4),(44,'02','N','090665','','QUISPE RODRIGUEZ,ANA MILAGROS JANET','FUNDAMENTOS DISEÑO WEB','FUNDAMENTOS DISEÑO WEB','18B','02-0E-1','SIS','03','11:00-12:30','','11:00-12:30','','','','',4),(45,'02','T','090665','','QUISPE RODRIGUEZ,ANA MILAGROS JANET','FUNDAMENTOS DISEÑO WEB','FUNDAMENTOS DISEÑO WEB','19B','02-0B-1','SIS','03','','','16:15-17:45','','','','',2),(46,'02','T','090665','','QUISPE RODRIGUEZ,ANA MILAGROS JANET','FUNDAMENTOS DISEÑO WEB','FUNDAMENTOS DISEÑO WEB','19B','02-0A-1','SIS','03','','','','','14:45-16:15','','',2),(47,'02','N','090665','','RAMOS GUANILO,VICTOR','FUNDAMENTOS DISEÑO WEB','FUNDAMENTOS DISEÑO WEB','20B','02-0E-1','SIS','03','','','','','','14:00-17:00','',4),(48,'02','N','090665','','RAMOS GUANILO,VICTOR','FUNDAMENTOS DISEÑO WEB','FUNDAMENTOS DISEÑO WEB','21B','02-0E-1','SIS','03','','','','','19:15-22:15','','',4),(49,'02','N','090665','','RAMOS GUANILO,VICTOR','FUNDAMENTOS DISEÑO WEB','FUNDAMENTOS DISEÑO WEB','22B','02-0E-1','SIS','03','','','','19:15-22:15','','','',4),(50,'02','M','091155','','SIN DOCENTE, ','INGLES II','INGLES II','17B','07-V003','SIS, ELE, IND, CIV, ARQ, ALI, CC.','01','','','','','','','08:00 09:30',2),(51,'02','M','091155','','SIN DOCENTE, ','INGLES II','INGLES II','18B','07-V003','SIS, ELE, IND, CIV, ARQ, ALI, CC.','01','','','','','','','08:00 09:30',2),(52,'02','M','091274','','CAPARACHIN CHUQUIHUARACA,JAIME SANTOS','INTRODUC. A LA ECONOMIA','INTRODUC. A LA ECONOMIA','17B','01-0204','SIS, IND, CIV, ARQ, CC.','03','09:30-11:00','','','','','','',2),(53,'02','M','091274','','CAPARACHIN CHUQUIHUARACA,JAIME SANTOS','INTRODUC. A LA ECONOMIA','INTRODUC. A LA ECONOMIA','17B','01-0302','SIS, IND, CIV, ARQ, CC.','03','','','','','10:15-11:45','','',2),(54,'02','M','091274','','CAPARACHIN CHUQUIHUARACA,JAIME SANTOS','INTRODUC. A LA ECONOMIA','INTRODUC. A LA ECONOMIA','18B','01-0202','SIS, IND, CIV, ARQ, CC.','03','08:00-09:30','','','','','','',2),(55,'02','M','091274','','CAPARACHIN CHUQUIHUARACA,JAIME SANTOS','INTRODUC. A LA ECONOMIA','INTRODUC. A LA ECONOMIA','18B','01-0104','SIS, IND, CIV, ARQ, CC.','03','','','','','08:00-09:30','','',2),(56,'02','M','091274','','DE LOS RIOS HERMOZA,JUSTO RAFAEL','INTRODUC. A LA ECONOMIA','INTRODUC. A LA ECONOMIA','19B','01-0104','SIS, IND, CIV, ARQ, CC.','03','','','08:00-09:30','','11:00-12:30','','',4),(57,'02','N','091274','','LLONTOP VALDIVIEZO,CESAR AUGUSTO','INTRODUC. A LA ECONOMIA','INTRODUC. A LA ECONOMIA','33E','01-0104','SIS, IND, CIV, ARQ, CC.','03','16:15-17:45','','15:30-17:00','','','','',4),(58,'02','M','091114','','BERTOLOTTI ZUÑIGA,CARMEN ROSA','INTRODUCCION A LA PROGRAM','INTRODUCCION A LA PROGRAM','18B','03-3106','SIS','05','09:30-11:00','','09:30-11:00','','','','',4),(59,'02','T','091123','091114','PAREDES PAREDES,SARA ANGELICA','LAB.INTROD. A LA PROGRAM ','LAB.INTROD. A LA PROGRAM ','75B','02-0B-1','SIS','00','','','','','14:45-17:00','','',3),(60,'02','M','091123','091114','BERTOLOTTI ZUÑIGA,CARMEN ROSA','LAB.INTROD. A LA PROGRAM ','LAB.INTROD. A LA PROGRAM ','76B','02-0B-1','SIS','00','','','','10:15-12:30','','','',3),(61,'02','T','091123','091114','PAREDES PAREDES,SARA ANGELICA','LAB.INTROD. A LA PROGRAM ','LAB.INTROD. A LA PROGRAM ','77B','02-0B-1','SIS','00','','','','12:30-14:45','','','',3),(62,'03','T','090053','','CASMA ANGULO,PABLO IVAN','ALGORIT. Y ESTR. DATOS I','ALGORIT. Y ESTR. DATOS I','22C','01-0303','SIS, IND','05','08:45-10:15','','','','','','',2),(63,'03','T','090053','','CASMA ANGULO,PABLO IVAN','ALGORIT. Y ESTR. DATOS I','ALGORIT. Y ESTR. DATOS I','22C','01-0204','SIS, IND','05','','','','08:45-10:15','','','',2),(64,'03','T','090053','','CERDAN CHAVARRY,MARIO WILBE','ALGORIT. Y ESTR. DATOS I','ALGORIT. Y ESTR. DATOS I','25C','01-0103','SIS, IND','05','','14:45-16:15','','','','','',2),(65,'03','T','090053','','CERDAN CHAVARRY,MARIO WILBE','ALGORIT. Y ESTR. DATOS I','ALGORIT. Y ESTR. DATOS I','25C','01-0202','SIS, IND','05','','','','','14:45-16:15','','',2),(66,'03','M','090054','','REYES MARTINEZ,ERICK AUGUSTO','ESTADIST.Y PROBABILID. I','ESTADIST.Y PROBABILID. I','22C','01-0203','SIS, IND, CIV','04','','','08:00-09:30','','','','',2),(67,'03','M','090054','','REYES MARTINEZ,ERICK AUGUSTO','ESTADIST.Y PROBABILID. I','ESTADIST.Y PROBABILID. I','22C','01-0301','SIS, IND, CIV','04','','','','','10:15-12:30','','',3),(68,'03','N','090054','','REYES MARTINEZ,ERICK AUGUSTO','ESTADIST.Y PROBABILID. I','ESTADIST.Y PROBABILID. I','23C','01-0304','SIS, IND, CIV','04','','','17:45-19:15','','','','',2),(69,'03','N','090054','','REYES MARTINEZ,ERICK AUGUSTO','ESTADIST.Y PROBABILID. I','ESTADIST.Y PROBABILID. I','23C','01-0302','SIS, IND, CIV','04','17:45-20:00','','','','','','',3),(70,'03','M','090054','','REYES MARTINEZ,ERICK AUGUSTO','ESTADIST.Y PROBABILID. I','ESTADIST.Y PROBABILID. I','24C','01-0304','SIS, IND, CIV','04','','','','','14:45-16:15','','',2),(71,'03','M','090054','','REYES MARTINEZ,ERICK AUGUSTO','ESTADIST.Y PROBABILID. I','ESTADIST.Y PROBABILID. I','24C','01-0302','SIS, IND, CIV','04','','','14:45-17:00','','','','',3),(72,'03','M','090056','','ROSALES FERNANDEZ,JOSE HILARION','FISICA I','FISICA I','22C','01-0303','SIS, IND, CIV','05','','10:15-12:30','','10:15-11:45','','','',5),(73,'03','M','090056','','CANO TEJADA,JULIO JOSE ANTONIO','FISICA I','FISICA I','23C','01-0304','SIS, IND, CIV','05','','10:15-12:30','','','','','',3),(74,'03','M','090056','','CANO TEJADA,JULIO JOSE ANTONIO','FISICA I','FISICA I','23C','01-0303','SIS, IND, CIV','05','10:15-11:45','','','','','','',2),(75,'03','T','090056','','CANO TEJADA,JULIO JOSE ANTONIO','FISICA I','FISICA I','24C','01-0303','SIS, IND, CIV','05','','','20:00-22:15','','14:45-16:15','','',5),(76,'03','M','090038','090053','SOTELO MENDOZA,CINDY LURY','LAB. A Y E DE DATOS I','LAB. A Y E DE DATOS I','63C','02-0A-1','SIS','00','14:45-17:00','','','','','','',3),(77,'03','T','090038','090053','SOTELO MENDOZA,CINDY LURY','LAB. A Y E DE DATOS I','LAB. A Y E DE DATOS I','65C','02-0A-1','SIS','00','','','12:30-14:45','','','','',3),(78,'03','T','090058','090056','CANO TEJADA,JULIO JOSE ANTONIO','LAB. FISICA I','LAB. FISICA I','60C','06-6F-3','SIS, IND, CIV','00','','','11:00-14:00','','','','',4),(79,'03','N','090058','090056','MORENO TARAZONA,JOSE','LAB. FISICA I','LAB. FISICA I','64C','06-6F-3','SIS, IND, CIV','00','','19:15-22:15','','','','','',4),(80,'03','M','090058','090056','SCARPATI GALVEZ,GIAN CARLO','LAB. FISICA I','LAB. FISICA I','66C','06-6F-3','SIS, IND, CIV','00','','','08:00-11:00','','','','',4),(81,'03','T','090058','090056','MORENO TARAZONA,JOSE','LAB. FISICA I','LAB. FISICA I','68C','06-6F-3','SIS, IND, CIV','00','','','','12:30-15:30','','','',4),(82,'03','N','090058','090056','MORENO TARAZONA,JOSE','LAB. FISICA I','LAB. FISICA I','70C','06-6F-3','SIS, IND, CIV','00','','','','17:00-20:00','','','',4),(83,'03','T','091128','091115','CIEZA DAVILA,JAVIER EDUARDO','LAB.TECNOLOGIA  DE INF.I','LAB.TECNOLOGIA  DE INF.I','62C','02-0D-2','SIS','00','','','','15:30-17:00','','','',2),(84,'03','T','091128','091115','CIEZA DAVILA,JAVIER EDUARDO','LAB.TECNOLOGIA  DE INF.I','LAB.TECNOLOGIA  DE INF.I','63C','02-0D-2','SIS','00','','15:30-17:00','','','','','',2),(85,'03','M','091276','','BERNAL ORTIZ,CARLOS ADOLFO','SISTEMAS DE INFORMACION','SISTEMAS DE INFORMACION','22C','03-3202','SIS','03','','12:30-14:00','','11:45-13:15','','','',4),(86,'03','M','091115','','YAMAO  ,EIRIKU','TECNOLOGIA INFORMACION I','TECNOLOGIA INFORMACION I','22C','01-0204','SIS','05','','','','','08:45-10:15','','',2),(87,'03','M','091115','','YAMAO  ,EIRIKU','TECNOLOGIA INFORMACION I','TECNOLOGIA INFORMACION I','22C','01-0201','SIS','05','','','09:30-11:00','','','','',2),(88,'04','M','090069','','MONTOYA NEGRILLO,DANY JOSE','ALGORIT. Y ESTR. DATOS II','ALGORIT. Y ESTR. DATOS II','27D','01-0301','SIS','05','','','14:00-14:45','','','','',1),(89,'04','M','090069','','MONTOYA NEGRILLO,DANY JOSE','ALGORIT. Y ESTR. DATOS II','ALGORIT. Y ESTR. DATOS II','27D','01-0204','SIS','05','','','','','','08:45-11:00','',3),(90,'04','M','090060','','VICUÑA GALINDO,EDER','ESTADIST.Y PROBABILID. II','ESTADIST.Y PROBABILID. II','27D','01-0303','SIS, IND','04','','','08:00-09:30','','','','',2),(91,'04','M','090060','','VICUÑA GALINDO,EDER','ESTADIST.Y PROBABILID. II','ESTADIST.Y PROBABILID. II','27D','01-0302','SIS, IND','04','','','','','08:00-10:15','','',3),(92,'04','N','090060','','REYES MARTINEZ,ERICK AUGUSTO','ESTADIST.Y PROBABILID. II','ESTADIST.Y PROBABILID. II','28D','01-0204','SIS, IND','04','','','','','17:45-20:00','','',3),(93,'04','N','090060','','REYES MARTINEZ,ERICK AUGUSTO','ESTADIST.Y PROBABILID. II','ESTADIST.Y PROBABILID. II','28D','01-0201','SIS, IND','04','','','20:45-22:15','','','','',2),(94,'04','T','090060','','REYES MARTINEZ,ERICK AUGUSTO','ESTADIST.Y PROBABILID. II','ESTADIST.Y PROBABILID. II','29D','01-0101','SIS, IND','04','','','','','16:15-17:45','14:00-16:15','',5),(95,'04','T','090074','','CASTRO SALAZAR,FREDY ADAN','FISICA II','FISICA II','28D','01-0101','SIS, IND, CIV','05','','14:00-15:30','','','','','',2),(96,'04','T','090074','','CASTRO SALAZAR,FREDY ADAN','FISICA II','FISICA II','28D','01-0103','SIS, IND, CIV','05','','','','14:00-16:15','','','',3),(97,'04','N','090074','','CANO TEJADA,JULIO JOSE ANTONIO','FISICA II','FISICA II','29D','01-0302','SIS, IND, CIV','05','','19:15-20:45','','','','','',2),(98,'04','N','090074','','CANO TEJADA,JULIO JOSE ANTONIO','FISICA II','FISICA II','29D','01-0103','SIS, IND, CIV','05','','','','20:00-22:15','','','',3),(99,'04','N','090074','','ROSALES FERNANDEZ,JOSE HILARION','FISICA II','FISICA II','30D','01-0101','SIS, IND, CIV','05','','','17:00-18:30','','','','',2),(100,'04','N','090074','','ROSALES FERNANDEZ,JOSE HILARION','FISICA II','FISICA II','30D','01-0104','SIS, IND, CIV','05','18:30-20:45','','','','','','',3),(101,'04','T','090059','090069','MONTOYA NEGRILLO,DANY JOSE','LAB. A Y E DE DATOS II','LAB. A Y E DE DATOS II','62D','02-0A-1','SIS','00','','','14:45-17:00','','','','',3),(102,'04','M','090059','090069','MONTOYA NEGRILLO,DANY JOSE','LAB. A Y E DE DATOS II','LAB. A Y E DE DATOS II','63D','02-0A-1','SIS','00','','','','','','11:00-13:15','',3),(103,'04','T','090075','090074','CANO TEJADA,JULIO JOSE ANTONIO','LAB. FISICA II','LAB. FISICA II','60D','06-6B-3','SIS, IND, CIV','00','','','','11:00-14:00','','','',4),(104,'04','M','090075','090074','ROSALES FERNANDEZ,JOSE HILARION','LAB. FISICA II','LAB. FISICA II','62D','06-6B-3','SIS, IND, CIV','00','','','','','08:00-11:00','','',4),(105,'04','M','090075','090074','LIZARASO SOTO,MARCO ANTONIO','LAB. FISICA II','LAB. FISICA II','66D','06-6B-3','SIS, IND, CIV','00','','','08:00-11:00','','','','',4),(106,'04','T','090075','090074','CARDENAS MARTINEZ,JOSE ANTONIO','LAB. FISICA II','LAB. FISICA II','68D','06-6B-3','SIS, IND, CIV','00','','','13:15-16:15','','','','',4),(107,'04','M','090075','090074','RAMOS BLUME,MARCOS HILARIO','LAB. FISICA II','LAB. FISICA II','72D','06-6B-3','SIS, IND, CIV','00','','','','08:00-11:00','','','',4),(108,'04','T','090075','090074','CANO TEJADA,JULIO JOSE ANTONIO','LAB. FISICA II','LAB. FISICA II','74D','06-6B-3','SIS, IND, CIV','00','','','','','','11:00-14:00','',4),(109,'04','N','090075','090074','ROSALES FERNANDEZ,JOSE HILARION','LAB. FISICA II','LAB. FISICA II','82D','06-6B-3','SIS, IND, CIV','00','','','18:30-21:30','','','','',4),(110,'04','M','091152','091149','CIEZA DAVILA,JAVIER EDUARDO','LAB.TECNOLOGIA DE INF.II','LAB.TECNOLOGIA DE INF.II','60D','02-0D-2','SIS','00','','','','','14:45-16:15','','',2),(111,'04','T','091152','091149','CIEZA DAVILA,JAVIER EDUARDO','LAB.TECNOLOGIA DE INF.II','LAB.TECNOLOGIA DE INF.II','61D','02-0D-2','SIS','00','','','','12:30-14:00','','','',2),(112,'04','T','091152','091149','CIEZA DAVILA,JAVIER EDUARDO','LAB.TECNOLOGIA DE INF.II','LAB.TECNOLOGIA DE INF.II','62D','02-0D-2','SIS','00','','','','','16:15-17:45','','',2),(113,'04','T','090077','','DE LOS RIOS HERMOZA,JUSTO RAFAEL','MICROECONOMIA','MICROECONOMIA','27D','01-0303','SIS, IND','04','','','','14:00-16:15','','','',3),(114,'04','T','090077','','DE LOS RIOS HERMOZA,JUSTO RAFAEL','MICROECONOMIA','MICROECONOMIA','27D','01-0204','SIS, IND','04','','14:00-15:30','','','','','',2),(115,'04','T','090077','','CAPARACHIN CHUQUIHUARACA,JAIME SANTOS','MICROECONOMIA','MICROECONOMIA','28D','01-0202','SIS, IND','04','','','','08:00-10:15','','','',3),(116,'04','T','090077','','CAPARACHIN CHUQUIHUARACA,JAIME SANTOS','MICROECONOMIA','MICROECONOMIA','28D','01-0201','SIS, IND','04','','08:00-09:30','','','','','',2),(117,'04','T','090077','','SANCHEZ MONTALVAN,CESAR AUGUSTO','MICROECONOMIA','MICROECONOMIA','29D','03-3104','SIS, IND','04','','','','','10:15-12:30','','',3),(118,'04','T','090077','','SANCHEZ MONTALVAN,CESAR AUGUSTO','MICROECONOMIA','MICROECONOMIA','29D','03-3103','SIS, IND','04','','10:15-11:45','','','','','',2),(119,'04','N','090077','','DE LOS RIOS HERMOZA,JUSTO RAFAEL','MICROECONOMIA','MICROECONOMIA','30D','01-0101','SIS, IND','04','','','','','18:30-20:45','','',3),(120,'04','N','090077','','DE LOS RIOS HERMOZA,JUSTO RAFAEL','MICROECONOMIA','MICROECONOMIA','30D','01-0102','SIS, IND','04','19:15-20:45','','','','','','',2),(121,'04','T','091149','','YAMAO  ,EIRIKU','TECNOLOGIA INFORMACION II','TECNOLOGIA INFORMACION II','27D','01-0202','SIS','04','09:30-11:45','','','','','','',3),(122,'05','T','090122','','LI PEREZ,LUIS ALBERTO','CONTABILIDAD GENERAL','CONTABILIDAD GENERAL','32E','01-0103','SIS, IND, CIV, CC.','04','','','','','','11:00-12:30','',2),(123,'05','T','090122','','LI PEREZ,LUIS ALBERTO','CONTABILIDAD GENERAL','CONTABILIDAD GENERAL','32E','01-0102','SIS, IND, CIV, CC.','04','','','15:30-17:45','','','','',3),(124,'05','T','090122','','LI PEREZ,LUIS ALBERTO','CONTABILIDAD GENERAL','CONTABILIDAD GENERAL','33E','01-0303','SIS, IND, CIV, CC.','04','14:45-16:15','','','','','','',2),(125,'05','T','090122','','LI PEREZ,LUIS ALBERTO','CONTABILIDAD GENERAL','CONTABILIDAD GENERAL','33E','01-0301','SIS, IND, CIV, CC.','04','','','08:00-10:15','','','','',3),(126,'05','T','090122','','LI PEREZ,LUIS ALBERTO','CONTABILIDAD GENERAL','CONTABILIDAD GENERAL','34E','01-0103','SIS, IND, CIV, CC.','04','','','17:45-19:15','','','','',2),(127,'05','T','090122','','LI PEREZ,LUIS ALBERTO','CONTABILIDAD GENERAL','CONTABILIDAD GENERAL','34E','01-0301','SIS, IND, CIV, CC.','04','','','','','','08:00-10:15','',3),(128,'05','T','090932','','GRANDEZ PIZARRO,WALDY MERCEDES','GESTION DE PROCESOS','GESTION DE PROCESOS','32E','01-0301','SIS','05','','','','15:30-17:00','','','',2),(129,'05','T','090932','','GRANDEZ PIZARRO,WALDY MERCEDES','GESTION DE PROCESOS','GESTION DE PROCESOS','32E','01-0103','SIS','05','','17:00-18:30','','','','','',2),(130,'05','N','090090','','MEDRANO PAREDES,ALBERTO JAIRO','INGENIERIA ADMINISTRATIVA','INGENIERIA ADMINISTRATIVA','32E','01-0104','SIS, IND','04','','18:30-20:45','','18:30-20:00','','','',5),(131,'05','N','090090','','MEDRANO PAREDES,ALBERTO JAIRO','INGENIERIA ADMINISTRATIVA','INGENIERIA ADMINISTRATIVA','33E','01-0104','SIS, IND','04','','20:45-22:15','','20:00-22:15','','','',5),(132,'05','N','090090','','RAMOS SALAS,ANDRES ','INGENIERIA ADMINISTRATIVA','INGENIERIA ADMINISTRATIVA','34E','07-V001','SIS, IND','04','','17:45-20:00','','17:45-19:15','','','',5),(133,'05','T','091296','090932','GRANDEZ PIZARRO,WALDY MERCEDES','LAB. GESTION DE PROCESOS','LAB. GESTION DE PROCESOS','60E','02-0E-1','SIS','00','16:15-17:45','','','','','','',2),(134,'05','T','091296','090932','GRANDEZ PIZARRO,WALDY MERCEDES','LAB. GESTION DE PROCESOS','LAB. GESTION DE PROCESOS','61E','02-0E-1','SIS','00','','','','17:00-18:30','','','',2),(135,'05','T','091296','090932','GALINDO GUERRA,GARY JOSEPH LOUI','LAB. GESTION DE PROCESOS','LAB. GESTION DE PROCESOS','62E','02-0A-1','SIS','00','','','11:00-12:30','','','','',2),(136,'05','M','090099','090089','ESPARZA CASTILLO,OLENKA','LAB. TEO.DI.BASE DE DATOS','LAB. TEO.DI.BASE DE DATOS','61E','02-0E-1','SIS','00','','','','','08:45-11:00','','',3),(137,'05','T','090099','090089','SOSA MEOÑO,SOFIA DEL CARMEN','LAB. TEO.DI.BASE DE DATOS','LAB. TEO.DI.BASE DE DATOS','63E','02-0E-1','SIS','00','','14:45-17:00','','','','','',3),(138,'05','T','091279','','CONTRERAS VILLARREAL,LUIS WILFREDO','SERV. Y SIST. OPERATIVOS','SERV. Y SIST. OPERATIVOS','32E','02-0INT','SIS','04','14:45-16:15','','','13:15-15:30','','','',5),(139,'05','T','091279','','SANDOVAL VARGAS,EDDY JUNIOR','SERV. Y SIST. OPERATIVOS','SERV. Y SIST. OPERATIVOS','33E','02-0A-1','SIS','04','17:45-20:00','','17:45-19:15','','','','',5),(140,'05','T','091279','','CONTRERAS VILLARREAL,LUIS WILFREDO','SERV. Y SIST. OPERATIVOS','SERV. Y SIST. OPERATIVOS','34E','02-0INT','SIS','04','','','13:15-15:30','','14:45-16:15','','',5),(141,'05','T','090089','','GARCIA FARJE,RUBEN OSVALDO MARTIN','TEO. DIS. BASE DE DATOS','TEO. DIS. BASE DE DATOS','32E','03-3105','SIS','05','','10:15-12:30','','11:00-11:45','','','',4),(142,'06','N','090131','','RIVERA FABIAN,EDGAR ALDO','INGENIERIA DE COSTOS','INGENIERIA DE COSTOS','37F','01-0304','SIS, IND, CIV','04','','','','','','08:00-10:15','',3),(143,'06','N','090131','','RIVERA FABIAN,EDGAR ALDO','INGENIERIA DE COSTOS','INGENIERIA DE COSTOS','37F','01-0101','SIS, IND, CIV','04','20:45-22:15','','','','','','',2),(144,'06','N','090131','','RIVERA FABIAN,EDGAR ALDO','INGENIERIA DE COSTOS','INGENIERIA DE COSTOS','38F','01-0101','SIS, IND, CIV','04','','','20:45-22:15','','','','',2),(145,'06','N','090131','','RIVERA FABIAN,EDGAR ALDO','INGENIERIA DE COSTOS','INGENIERIA DE COSTOS','38F','01-0203','SIS, IND, CIV','04','','','','','','10:15-12:30','',3),(146,'06','N','090131','','RIVERA FABIAN,EDGAR ALDO','INGENIERIA DE COSTOS','INGENIERIA DE COSTOS','39F','01-0204','SIS, IND, CIV','04','17:45-19:15','','','','','','',2),(147,'06','N','090131','','RIVERA FABIAN,EDGAR ALDO','INGENIERIA DE COSTOS','INGENIERIA DE COSTOS','39F','01-0102','SIS, IND, CIV','04','','','','','','15:30-17:45','',3),(148,'06','T','090119','','PALOMINO GUERRERO,CARLA ROCIO','INGENIERIA DE SOFTWARE I','INGENIERIA DE SOFTWARE I','37F','01-0203','SIS','05','','','','15:30-17:00','','','',2),(149,'06','T','090119','','PALOMINO GUERRERO,CARLA ROCIO','INGENIERIA DE SOFTWARE I','INGENIERIA DE SOFTWARE I','37F','01-0202','SIS','05','','14:45-17:00','','','','','',3),(150,'06','N','090085','','ROSALES LOPEZ,PEDRO PABLO','INVESTIGACION OPERATIVA I','INVESTIGACION OPERATIVA I','37F','01-0201','SIS, IND','04','18:30-20:45','','','19:15-20:45','','','',5),(151,'06','N','090085','','ROSALES LOPEZ,PEDRO PABLO','INVESTIGACION OPERATIVA I','INVESTIGACION OPERATIVA I','38F','03-3103','SIS, IND','04','20:45-22:15','','17:45-20:00','','','','',5),(152,'06','T','090100','090119','PALOMINO GUERRERO,CARLA ROCIO','LAB. ING. SW I','LAB. ING. SW I','60F','02-0E-1','SIS','00','','','','','14:45-16:15','','',2),(153,'06','M','090100','090119','PALOMINO GUERRERO,CARLA ROCIO','LAB. ING. SW I','LAB. ING. SW I','61F','02-0E-1','SIS','00','','','','','16:15-17:45','','',2),(154,'06','T','090100','090119','BARZOLA MENDOZA,CARLOS JULIAN','LAB. ING. SW I','LAB. ING. SW I','62F','02-0E-1','SIS','00','','','','','','17:00-18:30','',2),(155,'06','T','091297','090671','CERDAN CHAVARRY,MARIO WILBE','LAB. PROGRAMACION I','LAB. PROGRAMACION I','60F','02-0A-1','SIS','00','','','','','19:15-22:15','','',4),(156,'06','N','091297','090671','DUARTE JACOME,FRED LUIS','LAB. PROGRAMACION I','LAB. PROGRAMACION I','61F','02-0A-1','SIS','00','','','','','','14:45-17:45','',4),(157,'06','N','091297','090671','CERDAN CHAVARRY,MARIO WILBE','LAB. PROGRAMACION I','LAB. PROGRAMACION I','62F','02-0A-1','SIS','00','','','','19:15-22:15','','','',4),(158,'06','N','091297','090671','DUARTE JACOME,FRED LUIS','LAB. PROGRAMACION I','LAB. PROGRAMACION I','63F','02-0A-1','SIS','00','','','','','','17:45-20:45','',4),(159,'06','M','090671','','CHAVEZ ESPINOZA,JONATHAN JORGE','PROGRAMACION I','PROGRAMACION I','37F','01-0201','SIS','05','','17:45-20:00','','','','','',3),(160,'06','N','090671','','CHAVEZ ESPINOZA,JONATHAN JORGE','PROGRAMACION I','PROGRAMACION I','38F','03-3106','SIS','05','','20:00-22:15','','','','','',3),(161,'06','N','090088','','BECERRA PACHERRES,AUGUSTO OSCAR','TEORIA GENERAL SISTEMAS','TEORIA GENERAL SISTEMAS','37F','01-0201','SIS','04','','','','17:45-19:15','','','',2),(162,'06','N','090088','','BECERRA PACHERRES,AUGUSTO OSCAR','TEORIA GENERAL SISTEMAS','TEORIA GENERAL SISTEMAS','37F','01-0203','SIS','04','','','','','17:45-19:15','','',2),(163,'07','N','090145','','BENITES VILELA,LUIS FERNANDO','GESTION FINANCIERA','GESTION FINANCIERA','41G','01-0202','SIS, IND, CIV','04','19:15-20:45','','','','20:00-22:15','','',5),(164,'07','N','090145','','BENITES VILELA,LUIS FERNANDO','GESTION FINANCIERA','GESTION FINANCIERA','42G','01-0202','SIS, IND, CIV','04','20:45-22:15','','','20:00-22:15','','','',5),(165,'07','N','090145','','BENITES VILELA,LUIS FERNANDO','GESTION FINANCIERA','GESTION FINANCIERA','43G','03-3204','SIS, IND, CIV','04','','18:30-20:45','','','','','',3),(166,'07','N','090145','','BENITES VILELA,LUIS FERNANDO','GESTION FINANCIERA','GESTION FINANCIERA','43G','03-3304','SIS, IND, CIV','04','17:45-19:15','','','','','','',2),(167,'07','N','090137','','PALACIOS QUICHIZ,LUIS ESTEBAN','INGENIERIA DE SOFTWARE II','INGENIERIA DE SOFTWARE II','41G','01-0201','SIS','05','','','','','','10:15-11:00','',1),(168,'07','N','090137','','PALACIOS QUICHIZ,LUIS ESTEBAN','INGENIERIA DE SOFTWARE II','INGENIERIA DE SOFTWARE II','41G','01-0102','SIS','05','','20:00-22:15','','','','','',3),(169,'07','N','090666','','JIMENEZ MOTTE,FERNANDO MAURICIO','INTELIGENCIA ART.ROBOTICA','INTELIGENCIA ART.ROBOTICA','41G','02-0D-1','SIS','04','','','','17:00-18:30','','','',2),(170,'07','N','090666','','JIMENEZ MOTTE,FERNANDO MAURICIO','INTELIGENCIA ART.ROBOTICA','INTELIGENCIA ART.ROBOTICA','41G','01-0302','SIS','04','','16:15-17:45','','','','','',2),(171,'07','N','090666','','JIMENEZ MOTTE,FERNANDO MAURICIO','INTELIGENCIA ART.ROBOTICA','INTELIGENCIA ART.ROBOTICA','42G','02-0D-1','SIS','04','','','','18:30-20:00','','','',2),(172,'07','N','090666','','JIMENEZ MOTTE,FERNANDO MAURICIO','INTELIGENCIA ART.ROBOTICA','INTELIGENCIA ART.ROBOTICA','42G','01-0302','SIS','04','','17:45-19:15','','','','','',2),(173,'07','M','090123','090137','PALACIOS QUICHIZ,LUIS ESTEBAN','LAB. ING. SW II','LAB. ING. SW II','60G','02-0E-1','SIS','00','','','','','','08:00-10:15','',3),(174,'07','T','090123','090137','PALACIOS QUICHIZ,LUIS ESTEBAN','LAB. ING. SW II','LAB. ING. SW II','62G','02-0E-1','SIS','00','','','','','','11:45-14:00','',3),(175,'07','T','091121','','VARGAS SANTA CRUZ,YENY ALEJANDRA','TALLER DE PROYECTOS','TALLER DE PROYECTOS','42G','03-3302','SIS','05','','','17:45-20:45','','','','',4),(176,'07','T','091121','','VARGAS SANTA CRUZ,YENY ALEJANDRA','TALLER DE PROYECTOS','TALLER DE PROYECTOS','42G','03-3202','SIS','05','16:15-19:15','','','','','','',4),(177,'07','T','091121','','VARGAS SANTA CRUZ,YENY ALEJANDRA','TALLER DE PROYECTOS','TALLER DE PROYECTOS','42G','03-3102','SIS','05','','','','','16:15-17:45','','',2),(178,'07','T','091121','','BAYONA ORE,LUZ SUSSY','TALLER DE PROYECTOS','TALLER DE PROYECTOS','43G','01-0103','SIS','05','','','','','16:15-17:45','','',2),(179,'07','T','091121','','BAYONA ORE,LUZ SUSSY','TALLER DE PROYECTOS','TALLER DE PROYECTOS','43G','02-0E-2','SIS','05','','','17:45-20:45','','','','',4),(180,'07','T','091121','','BAYONA ORE,LUZ SUSSY','TALLER DE PROYECTOS','TALLER DE PROYECTOS','43G','01-0301','SIS','05','16:15-19:15','','','','','','',4),(181,'08','N','091288','','HENRIQUEZ TABOADA,HECTOR HERNAN','ARQUITECTURA EMPRESARIAL','ARQUITECTURA EMPRESARIAL','46H','01-0302','SIS','04','','','','','','12:30-15:30','',4),(182,'08','N','091288','','HENRIQUEZ TABOADA,HECTOR HERNAN','ARQUITECTURA EMPRESARIAL','ARQUITECTURA EMPRESARIAL','47H','03-3204','SIS','04','','','','','','08:00-08:45','',1),(183,'08','N','091288','','HENRIQUEZ TABOADA,HECTOR HERNAN','ARQUITECTURA EMPRESARIAL','ARQUITECTURA EMPRESARIAL','47H','03-3106','SIS','04','','','','','17:00-19:15','','',3),(184,'08','N','090721','','QUINTANILLA URIBE,MANUEL JESUS','DISE. IMPLEMENT. DE SIST.','DISE. IMPLEMENT. DE SIST.','46H','01-0301','SIS','04','','20:00-22:15','','','','','',3),(185,'08','N','090721','','QUINTANILLA URIBE,MANUEL JESUS','DISE. IMPLEMENT. DE SIST.','DISE. IMPLEMENT. DE SIST.','46H','01-0202','SIS','04','','','','','','11:00-12:30','',2),(186,'08','N','090548','','BEZADA SANCHEZ,CESAR ALFREDO','FORMUL.Y EVALUAC.DE PROY.','FORMUL.Y EVALUAC.DE PROY.','46H','01-0102','SIS, IND, CIV','04','','','20:00-22:15','','','','',3),(187,'08','N','090548','','BEZADA SANCHEZ,CESAR ALFREDO','FORMUL.Y EVALUAC.DE PROY.','FORMUL.Y EVALUAC.DE PROY.','46H','01-0204','SIS, IND, CIV','04','','','','','','14:45-16:15','',2),(188,'08','N','090548','','BEZADA SANCHEZ,CESAR ALFREDO','FORMUL.Y EVALUAC.DE PROY.','FORMUL.Y EVALUAC.DE PROY.','48H','01-0103','SIS, IND, CIV','04','20:00-22:15','','','','','','',3),(189,'08','N','090548','','BEZADA SANCHEZ,CESAR ALFREDO','FORMUL.Y EVALUAC.DE PROY.','FORMUL.Y EVALUAC.DE PROY.','48H','01-0302','SIS, IND, CIV','04','','','18:30-20:00','','','','',2),(190,'08','N','090664','','BECERRA PACHERRES,AUGUSTO OSCAR','GESTION DE RECURSOS T.I.','GESTION DE RECURSOS T.I.','47H','01-0304','SIS','04','','','','19:15-22:15','','','',4),(191,'09','M','090934','','GAMBOA CRUZADO,JAVIER ARTURO','INTELIGENCIA DE NEGOCIOS','INTELIGENCIA DE NEGOCIOS','51I','02-0B-1','SIS','04','','','','','','08:00-11:00','',4),(192,'09','T','090667','','BENITES GONZALES,GLADYS NORA','LIDERAZGO Y ORATORIA','LIDERAZGO Y ORATORIA','51I','01-0203','SIS, ELE, CIV, ARQ, CC.','02','','','','','','12:30-14:45','',3),(193,'09','N','090667','','BENITES GONZALES,GLADYS NORA','LIDERAZGO Y ORATORIA','LIDERAZGO Y ORATORIA','52I','01-0204','SIS, ELE, CIV, ARQ, CC.','02','','','17:00-19:15','','','','',3),(194,'09','T','090667','','CABRERA ITURRIA,RICARDO','LIDERAZGO Y ORATORIA','LIDERAZGO Y ORATORIA','53I','01-0303','SIS, ELE, CIV, ARQ, CC.','02','','','','20:00-22:15','','','',3),(195,'09','N','090670','','VALENZUELA TASAYCO,YAMELA AMPARO','PLAN. ESTRATEGICO DE TI','PLAN. ESTRATEGICO DE TI','51I','01-0102','SIS','04','','','','','','11:45-14:45','',4),(196,'09','N','090673','','ZAMBRANO LOLI,GENER VICTOR','PROYECTO I','PROYECTO I','51I','03-3301','SIS','04','','19:15-20:45','','19:15-20:45','','','',4),(197,'09','N','090673','','CACERES LAMPEN,MANUEL ALEJANDRO','PROYECTO I','PROYECTO I','52I','03-3203','SIS','04','','19:15-20:45','','19:15-20:45','','','',4),(198,'09','N','090673','','CUADROS RICRA,RUBEN DARIO','PROYECTO I','PROYECTO I','53I','03-3104','SIS','04','','19:15-20:45','','19:15-20:45','','','',4),(199,'09','N','090673','','LEON LESCANO,NORMA BIRGINIA','PROYECTO I','PROYECTO I','54I','03-3206','SIS','04','','19:15-20:45','','19:15-20:45','','','',4),(200,'09','N','090673','','PORRAS QUINTO,CESAR AUGUSTO','PROYECTO I','PROYECTO I','56I','02-0E-2','SIS','04','','19:15-20:45','','19:15-20:45','','','',4),(201,'09','N','090679','','FIGUEROA REVILLA,JORGE MARTIN','SEG. Y AUDITORIA DE SI','SEG. Y AUDITORIA DE SI','51I','01-0201','SIS','04','20:45-22:15','','','','','','',2),(202,'09','N','090679','','FIGUEROA REVILLA,JORGE MARTIN','SEG. Y AUDITORIA DE SI','SEG. Y AUDITORIA DE SI','51I','01-0302','SIS','04','','','20:00-22:15','','','','',3),(203,'10','N','090034','','GARCIA LORENTE,CESAR','ETICA Y MORAL','ETICA Y MORAL','56J','01-0201','SIS, ELE, IND, CIV, CC.','02','','','17:00-19:15','','','','',3),(204,'10','N','090034','','GUZMAN TASAYCO,ALFONSO','ETICA Y MORAL','ETICA Y MORAL','57J','01-0304','SIS, ELE, IND, CIV, CC.','02','','','20:00-22:15','','','','',3),(205,'10','N','090034','','GARCIA LORENTE,CESAR','ETICA Y MORAL','ETICA Y MORAL','58J','01-0103','SIS, ELE, IND, CIV, CC.','02','','','14:45-17:00','','','','',3),(206,'10','N','091349','','MAYOR RAVINES,MARCO GUILLERMO','MARKETING DIGITAL','MARKETING DIGITAL','56J','02-0B-1','SIS','04','','','19:15-22:15','','','','',4),(207,'10','N','090070','','CUADROS RICRA,RUBEN DARIO','PROYECTO II','PROYECTO II','56J','03-3104','SIS','04','','20:45-22:15','','20:45-22:15','','','',4),(208,'10','N','090070','','CACERES LAMPEN,MANUEL ALEJANDRO','PROYECTO II','PROYECTO II','57J','03-3203','SIS','04','','20:45-22:15','','20:45-22:15','','','',4),(209,'10','N','090070','','ZAMBRANO LOLI,GENER VICTOR','PROYECTO II','PROYECTO II','58J','03-3301','SIS','04','','20:45-22:15','','20:45-22:15','','','',4),(210,'10','N','090070','','LEON LESCANO,NORMA BIRGINIA','PROYECTO II','PROYECTO II','59J','02-0D-2','SIS','04','','20:45-22:15','','20:45-22:15','','','',4),(211,'E1','T','090861','','GALLOSO GENTILLE,ALBERTO CESAR','ADM. DE BASE DE DATOS','ADM. DE BASE DE DATOS','72K','02-0E-2','SIS','04','','17:00-19:15','','17:00-19:15','','','',6),(212,'E1','N','090205','','ACUÑA FLORES,CARLOS CHRISTIAN','COMERCIO ELECTRONICO','COMERCIO ELECTRONICO','70K','03-3206','SIS','04','','','19:15-22:15','','','','',4),(213,'E1','N','090933','','BERNUY ALVA,AUGUSTO ERNESTO','GESTION DEL CONOCIMIENTO','GESTION DEL CONOCIMIENTO','70K','01-0304','SIS','04','','17:45-19:15','','17:45-19:15','','','',4),(214,'E1','N','091119','','LEÓN RICALDI,JORGE JOSÉ CARLOS','SIST.INTEGRADO DE GESTION','SIST.INTEGRADO DE GESTION','70K','03-3201','SIS','04','','','','','','15:30-18:30','',4),(215,'E1','N','090608','','WONG RIVERA,CARLOS MANUEL','TALLER CREATIVIDAD EMPR.','TALLER CREATIVIDAD EMPR.','70K','03-3303','SIS','04','','17:45-20:00','','','','','',3),(216,'E1','N','090608','','WONG RIVERA,CARLOS MANUEL','TALLER CREATIVIDAD EMPR.','TALLER CREATIVIDAD EMPR.','70K','03-3302','SIS','04','','','','18:30-20:00','','','',2),(217,'E2','T','090675','','WU CHONG,JOSE ANTONIO','REDES Y CONECT. I CCNA','REDES Y CONECT. I CCNA','70K','02-0B-1','SIS, ELE','04','','17:45-20:00','','17:45-20:00','','','',6),(218,'E2','T','090675','','YAMAO  ,EIRIKU','REDES Y CONECT. I CCNA','REDES Y CONECT. I CCNA','71K','02-0INT','SIS','04','','15:30-17:45','','15:30-17:45','','','',6),(219,'E2','N','090677','','LLATAS MARTINEZ,LUIS ALBERT','REDES Y CONECT. III CCNA','REDES Y CONECT. III CCNA','70K','02-0INT','SIS','04','18:30-20:45','','','','20:00-22:15','','',6),(220,'E2','N','090678','','LLATAS MARTINEZ,LUIS ALBERT','REDES Y CONECT. IV CCNA','REDES Y CONECT. IV CCNA','70K','02-0INT','SIS','04','','','','','','15:30-20:00','',5),(221,'E2','N','090862','','MARIN BAO,MAURICIO RAUL','SEGURIDAD INFORMATICA','SEGURIDAD INFORMATICA','70K','03-3105','SIS','04','','','','19:15-22:15','','','',4),(222,'E3','N','090658','','HENRIQUEZ TABOADA,HECTOR HERNAN','CALIDAD DE SOFTWARE','CALIDAD DE SOFTWARE','70K','03-3301','SIS','04','','','','','20:45-22:15','08:45-10:15','',4),(223,'E3','N','090672','','DUARTE JACOME,FRED LUIS','PROGRAMACION II','PROGRAMACION II','70K','02-0A-1','SIS','04','','','','','','08:00-11:00','',4),(224,'E3','N','091124','','HENRIQUEZ TABOADA,HECTOR HERNAN','PRUEBAS DE SOFTWARE','PRUEBAS DE SOFTWARE','70K','02-0E-1','SIS','04','','','','','','10:15-11:45','',2),(225,'E3','N','091124','','HENRIQUEZ TABOADA,HECTOR HERNAN','PRUEBAS DE SOFTWARE','PRUEBAS DE SOFTWARE','70K','02-0D-1','SIS','04','','','','','19:15-20:45','','',2),(226,'E4','N','090147','','WONG RIVERA,CARLOS MANUEL','COMPORTAMIENTO ORGANIZAC.','COMPORTAMIENTO ORGANIZAC.','70K','03-3301','SIS, ELE','02','','','17:45-19:15','','','','',2),(227,'E4','N','090863','','ARRIETA TABOADA,AMANDA','GESTION DE LA INNOVACION','GESTION DE LA INNOVACION','70K','01-0204','SIS, IND, CIV','02','','18:30-20:45','','','','','',3),(228,'E4','N','090852','','PORRAS QUINTO,CESAR AUGUSTO','GESTION DE PROYECTOS-PMI','GESTION DE PROYECTOS-PMI','70K','03-3304','SIS, IND, CIV','03','','','17:00-20:00','','','','',4),(229,'E4','N','090617','','TATAJE SALAS,GUSTAVO HERNAN','GESTION ESTRATEGICA','GESTION ESTRATEGICA','70K','03-3103','SIS, CIV, ARQ, CC.','04','','','','','20:00-22:15','','',3),(230,'E4','N','090617','','TATAJE SALAS,GUSTAVO HERNAN','GESTION ESTRATEGICA','GESTION ESTRATEGICA','70K','02-0B-1','SIS, CIV, ARQ, CC.','04','','','17:45-19:15','','','','',2),(231,'E4','N','090617','','MEDINA GALINDO,PAUL REDY','GESTION ESTRATEGICA','GESTION ESTRATEGICA','71K','03-3203','SIS, CIV, ARQ, CC.','04','18:30-20:00','','','','','','',2),(232,'E4','N','090617','','MEDINA GALINDO,PAUL REDY','GESTION ESTRATEGICA','GESTION ESTRATEGICA','71K','03-3303','SIS, CIV, ARQ, CC.','04','','20:00-22:15','','','','','',3),(233,'E4','N','090617','','MEDINA GALINDO,PAUL REDY','GESTION ESTRATEGICA','GESTION ESTRATEGICA','72K','03-3205','SIS, CIV, ARQ, CC.','04','','','18:30-20:00','','','','',2),(234,'E4','N','090617','','MEDINA GALINDO,PAUL REDY','GESTION ESTRATEGICA','GESTION ESTRATEGICA','72K','03-3103','SIS, CIV, ARQ, CC.','04','','','','17:45-20:00','','','',3),(235,'E4','N','091217','','CRIALES JOHNSON,ASTRID HASSEL','INTROD A LA INV.INFORM.','INTROD A LA INV.INFORM.','70K','02-0E-1','SIS','02','18:30-20:00','','','','','','',2),(236,'E4','N','091217','','BERNUY ALVA,AUGUSTO ERNESTO','INTROD A LA INV.INFORM.','INTROD A LA INV.INFORM.','71K','02-0E-2','SIS','02','','','','','18:30-20:00','','',2),(237,'E4','T','090116','','APONTE GUERRERO,FREDDY ALBERTO','INVESTIGAC. OPERATIVA II','INVESTIGAC. OPERATIVA II','44G','01-0202','SIS, IND','04','','','','18:30-20:00','','','',2),(238,'E4','T','090116','','APONTE GUERRERO,FREDDY ALBERTO','INVESTIGAC. OPERATIVA II','INVESTIGAC. OPERATIVA II','44G','01-0304','SIS, IND','04','','','','','','10:15-12:30','',3);
/*!40000 ALTER TABLE `horario_excel` ENABLE KEYS */;
UNLOCK TABLES;

--
-- Table structure for table `intereses_docente`
--

DROP TABLE IF EXISTS `intereses_docente`;
/*!40101 SET @saved_cs_client     = @@character_set_client */;
/*!40101 SET character_set_client = utf8 */;
CREATE TABLE `intereses_docente` (
  `idIntereses` int(11) NOT NULL AUTO_INCREMENT,
  `codDocente` bigint(11) NOT NULL,
  `idCurso` varchar(12) NOT NULL,
  `cod_semestre` varchar(45) NOT NULL,
  `int_adicional` varchar(400) DEFAULT NULL,
  PRIMARY KEY (`idIntereses`),
  KEY `idI_doc` (`codDocente`),
  KEY `idI_cur` (`idCurso`),
  KEY `idI_sem_idx` (`cod_semestre`),
  CONSTRAINT `idI_cur` FOREIGN KEY (`idCurso`) REFERENCES `curso` (`idcurso`) ON DELETE NO ACTION ON UPDATE NO ACTION,
  CONSTRAINT `idI_doc` FOREIGN KEY (`codDocente`) REFERENCES `docente` (`numdoc`) ON DELETE NO ACTION ON UPDATE NO ACTION,
  CONSTRAINT `idI_sem` FOREIGN KEY (`cod_semestre`) REFERENCES `semestre` (`idSemestre`) ON DELETE NO ACTION ON UPDATE NO ACTION
) ENGINE=InnoDB DEFAULT CHARSET=utf8;
/*!40101 SET character_set_client = @saved_cs_client */;

--
-- Dumping data for table `intereses_docente`
--

LOCK TABLES `intereses_docente` WRITE;
/*!40000 ALTER TABLE `intereses_docente` DISABLE KEYS */;
/*!40000 ALTER TABLE `intereses_docente` ENABLE KEYS */;
UNLOCK TABLES;

--
-- Table structure for table `intereses_referido`
--

DROP TABLE IF EXISTS `intereses_referido`;
/*!40101 SET @saved_cs_client     = @@character_set_client */;
/*!40101 SET character_set_client = utf8 */;
CREATE TABLE `intereses_referido` (
  `idIntereses` int(11) NOT NULL AUTO_INCREMENT,
  `codReferido` bigint(11) NOT NULL,
  `idCurso` varchar(12) NOT NULL,
  `cod_semestre` varchar(45) NOT NULL,
  PRIMARY KEY (`idIntereses`),
  KEY `idI_int_ref_idx` (`codReferido`),
  KEY `idI_int_cur_idx` (`idCurso`),
  KEY `idI_int_sem_idx` (`cod_semestre`),
  CONSTRAINT `idI_int_cur` FOREIGN KEY (`idCurso`) REFERENCES `curso` (`idcurso`) ON DELETE NO ACTION ON UPDATE NO ACTION,
  CONSTRAINT `idI_int_ref` FOREIGN KEY (`codReferido`) REFERENCES `referido` (`numdoc`) ON DELETE NO ACTION ON UPDATE NO ACTION,
  CONSTRAINT `idI_int_sem` FOREIGN KEY (`cod_semestre`) REFERENCES `semestre` (`idSemestre`) ON DELETE NO ACTION ON UPDATE NO ACTION
) ENGINE=InnoDB DEFAULT CHARSET=utf8;
/*!40101 SET character_set_client = @saved_cs_client */;

--
-- Dumping data for table `intereses_referido`
--

LOCK TABLES `intereses_referido` WRITE;
/*!40000 ALTER TABLE `intereses_referido` DISABLE KEYS */;
/*!40000 ALTER TABLE `intereses_referido` ENABLE KEYS */;
UNLOCK TABLES;

--
-- Table structure for table `pabellon`
--

DROP TABLE IF EXISTS `pabellon`;
/*!40101 SET @saved_cs_client     = @@character_set_client */;
/*!40101 SET character_set_client = utf8 */;
CREATE TABLE `pabellon` (
  `idpabellon` varchar(12) NOT NULL,
  `numero` int(11) DEFAULT NULL,
  `descripcion` varchar(45) DEFAULT NULL,
  PRIMARY KEY (`idpabellon`)
) ENGINE=InnoDB DEFAULT CHARSET=utf8;
/*!40101 SET character_set_client = @saved_cs_client */;

--
-- Dumping data for table `pabellon`
--

LOCK TABLES `pabellon` WRITE;
/*!40000 ALTER TABLE `pabellon` DISABLE KEYS */;
INSERT INTO `pabellon` VALUES ('1',NULL,'Generales'),('2',NULL,'Especialidades'),('3',NULL,'Laboratorio'),('4',NULL,'Biblioteca'),('5',NULL,'Fia data');
/*!40000 ALTER TABLE `pabellon` ENABLE KEYS */;
UNLOCK TABLES;

--
-- Table structure for table `parametros`
--

DROP TABLE IF EXISTS `parametros`;
/*!40101 SET @saved_cs_client     = @@character_set_client */;
/*!40101 SET character_set_client = utf8 */;
CREATE TABLE `parametros` (
  `codP_esc` varchar(12) NOT NULL,
  `codP_sem` varchar(12) NOT NULL,
  `ciclo` int(11) NOT NULL,
  `creditos` int(11) DEFAULT NULL,
  PRIMARY KEY (`codP_esc`,`codP_sem`,`ciclo`),
  KEY `idP_sem_idx` (`codP_sem`),
  CONSTRAINT `idP_esc` FOREIGN KEY (`codP_esc`) REFERENCES `escuela` (`idescuela`) ON DELETE NO ACTION ON UPDATE NO ACTION,
  CONSTRAINT `idP_sem` FOREIGN KEY (`codP_sem`) REFERENCES `semestre` (`idSemestre`) ON DELETE NO ACTION ON UPDATE NO ACTION
) ENGINE=InnoDB DEFAULT CHARSET=utf8;
/*!40101 SET character_set_client = @saved_cs_client */;

--
-- Dumping data for table `parametros`
--

LOCK TABLES `parametros` WRITE;
/*!40000 ALTER TABLE `parametros` DISABLE KEYS */;
/*!40000 ALTER TABLE `parametros` ENABLE KEYS */;
UNLOCK TABLES;

--
-- Table structure for table `perfil`
--

DROP TABLE IF EXISTS `perfil`;
/*!40101 SET @saved_cs_client     = @@character_set_client */;
/*!40101 SET character_set_client = utf8 */;
CREATE TABLE `perfil` (
  `idperfil` int(11) NOT NULL AUTO_INCREMENT,
  `nombre` varchar(45) DEFAULT NULL,
  `permisos` varchar(45) DEFAULT NULL,
  `descrip` varchar(45) DEFAULT NULL,
  PRIMARY KEY (`idperfil`)
) ENGINE=InnoDB AUTO_INCREMENT=6 DEFAULT CHARSET=utf8;
/*!40101 SET character_set_client = @saved_cs_client */;

--
-- Dumping data for table `perfil`
--

LOCK TABLES `perfil` WRITE;
/*!40000 ALTER TABLE `perfil` DISABLE KEYS */;
INSERT INTO `perfil` VALUES (1,'administrador','Admin',NULL),(2,'director','Director',NULL),(3,'docente','Docente',NULL),(4,'escalafon','Escalafon',NULL),(5,'acreedor','Acreedor',NULL);
/*!40000 ALTER TABLE `perfil` ENABLE KEYS */;
UNLOCK TABLES;

--
-- Table structure for table `plan_curricular`
--

DROP TABLE IF EXISTS `plan_curricular`;
/*!40101 SET @saved_cs_client     = @@character_set_client */;
/*!40101 SET character_set_client = utf8 */;
CREATE TABLE `plan_curricular` (
  `idPlan` varchar(45) NOT NULL,
  `idEscuela` varchar(12) NOT NULL,
  `descripcion` varchar(700) DEFAULT NULL,
  `codPc_sem` varchar(12) NOT NULL,
  `estado` tinyint(1) NOT NULL DEFAULT '0',
  `usu_crea_reg` varchar(45) DEFAULT NULL,
  `fec_crea_reg` datetime DEFAULT NULL,
  `ult_usu_mod_reg` varchar(45) DEFAULT NULL,
  `fec_ult_mod_reg` datetime DEFAULT NULL,
  PRIMARY KEY (`idPlan`,`idEscuela`),
  UNIQUE KEY `ult_usu_mod_reg_UNIQUE` (`ult_usu_mod_reg`),
  KEY `idPc_sem_idx` (`codPc_sem`),
  KEY `fkIdEscuela_idx` (`idEscuela`),
  CONSTRAINT `fkIdEscuela` FOREIGN KEY (`idEscuela`) REFERENCES `escuela` (`idescuela`) ON DELETE NO ACTION ON UPDATE NO ACTION,
  CONSTRAINT `idPc_sem` FOREIGN KEY (`codPc_sem`) REFERENCES `semestre` (`idSemestre`) ON DELETE NO ACTION ON UPDATE NO ACTION
) ENGINE=InnoDB DEFAULT CHARSET=utf8;
/*!40101 SET character_set_client = @saved_cs_client */;

--
-- Dumping data for table `plan_curricular`
--

LOCK TABLES `plan_curricular` WRITE;
/*!40000 ALTER TABLE `plan_curricular` DISABLE KEYS */;
INSERT INTO `plan_curricular` VALUES ('1','101','Ingeniería de Computación y Sistemas','4',1,'COD002',NULL,NULL,NULL),('2','101','Ingeniería de Computación y Sistemas','5',1,'COD002',NULL,NULL,NULL),('2','202','Ingeniería Industrial','4',0,'',NULL,NULL,NULL),('3','101','Ingeniería de Computación y Sistemas','6',1,'COD002',NULL,NULL,NULL),('3','303','Arquitectura','4',0,'',NULL,NULL,NULL),('4','404','Ingeniería Civil','4',0,NULL,NULL,NULL,NULL),('5','505','Ingeniería Electrónica','4',0,NULL,NULL,NULL,NULL),('6','606','Ingeniería en Industrias Alimentarias','4',0,NULL,NULL,NULL,NULL),('7','707','Ciencias Aeronáuticas','4',0,NULL,NULL,NULL,NULL);
/*!40000 ALTER TABLE `plan_curricular` ENABLE KEYS */;
UNLOCK TABLES;

--
-- Table structure for table `referido`
--

DROP TABLE IF EXISTS `referido`;
/*!40101 SET @saved_cs_client     = @@character_set_client */;
/*!40101 SET character_set_client = utf8 */;
CREATE TABLE `referido` (
  `idreferido` int(11) NOT NULL AUTO_INCREMENT,
  `cod_Docente` bigint(12) NOT NULL,
  `numdoc` bigint(12) NOT NULL,
  `nombre` varchar(45) NOT NULL,
  `apepat` varchar(45) NOT NULL,
  `apemat` varchar(45) NOT NULL,
  `edad` int(3) NOT NULL,
  `correo` varchar(45) DEFAULT NULL,
  `cod_semestre` varchar(12) NOT NULL,
  PRIMARY KEY (`idreferido`),
  KEY `fk_referido_semestre` (`cod_semestre`),
  KEY `fk_referido_docente_idx` (`cod_Docente`),
  KEY `IND_NUMDOC` (`numdoc`),
  CONSTRAINT `fk_referido_docente` FOREIGN KEY (`cod_Docente`) REFERENCES `docente` (`numdoc`) ON DELETE NO ACTION ON UPDATE NO ACTION,
  CONSTRAINT `fk_referido_semestre` FOREIGN KEY (`cod_semestre`) REFERENCES `semestre` (`idSemestre`) ON DELETE NO ACTION ON UPDATE NO ACTION
) ENGINE=InnoDB AUTO_INCREMENT=2 DEFAULT CHARSET=utf8;
/*!40101 SET character_set_client = @saved_cs_client */;

--
-- Dumping data for table `referido`
--

LOCK TABLES `referido` WRITE;
/*!40000 ALTER TABLE `referido` DISABLE KEYS */;
INSERT INTO `referido` VALUES (1,12345678,72736012,'asdasdasd','asdasdas','dasdasd',24,'erick3797@hotmail.com','4');
/*!40000 ALTER TABLE `referido` ENABLE KEYS */;
UNLOCK TABLES;

--
-- Table structure for table `seccion`
--

DROP TABLE IF EXISTS `seccion`;
/*!40101 SET @saved_cs_client     = @@character_set_client */;
/*!40101 SET character_set_client = utf8 */;
CREATE TABLE `seccion` (
  `idseccion` varchar(16) NOT NULL,
  `descrip` varchar(45) DEFAULT NULL,
  `cuposTot` int(11) DEFAULT NULL,
  `modalidades` varchar(45) DEFAULT NULL,
  `codS_cur` varchar(12) DEFAULT NULL,
  `codS_sem` varchar(12) DEFAULT NULL,
  PRIMARY KEY (`idseccion`),
  KEY `idS_cur_idx` (`codS_cur`),
  KEY `idS_sem_idx` (`codS_sem`),
  CONSTRAINT `idS_cur` FOREIGN KEY (`codS_cur`) REFERENCES `curso` (`idcurso`) ON DELETE NO ACTION ON UPDATE NO ACTION,
  CONSTRAINT `idS_sem` FOREIGN KEY (`codS_sem`) REFERENCES `semestre` (`idSemestre`) ON DELETE NO ACTION ON UPDATE NO ACTION
) ENGINE=InnoDB DEFAULT CHARSET=utf8;
/*!40101 SET character_set_client = @saved_cs_client */;

--
-- Dumping data for table `seccion`
--

LOCK TABLES `seccion` WRITE;
/*!40000 ALTER TABLE `seccion` DISABLE KEYS */;
INSERT INTO `seccion` VALUES ('50A','Seccion_A',12,'Mod1','90002000000','4'),('51A','Seccion_51A',12,'Mod2','90002000000','4'),('52A','Seccion52A',12,'Mod4',NULL,'4'),('53A','Seccion53A',10,'Mod3','90034000000','4'),('54A','Seccion54A',12,'Mod5',NULL,'4');
/*!40000 ALTER TABLE `seccion` ENABLE KEYS */;
UNLOCK TABLES;

--
-- Table structure for table `semestre`
--

DROP TABLE IF EXISTS `semestre`;
/*!40101 SET @saved_cs_client     = @@character_set_client */;
/*!40101 SET character_set_client = utf8 */;
CREATE TABLE `semestre` (
  `idSemestre` varchar(12) NOT NULL,
  `ano` year(4) DEFAULT NULL,
  `semestre` int(11) DEFAULT NULL,
  `cant_sema` int(11) DEFAULT NULL,
  `cred_especialidad` int(11) DEFAULT NULL,
  `cred_general` int(11) DEFAULT NULL,
  `usu_crea_reg` varchar(45) DEFAULT NULL,
  `fec_crea_reg` datetime DEFAULT NULL,
  `ult_usu_mod_reg` varchar(45) DEFAULT NULL,
  `fec_ult_mod_reg` datetime DEFAULT NULL,
  PRIMARY KEY (`idSemestre`)
) ENGINE=InnoDB DEFAULT CHARSET=utf8;
/*!40101 SET character_set_client = @saved_cs_client */;

--
-- Dumping data for table `semestre`
--

LOCK TABLES `semestre` WRITE;
/*!40000 ALTER TABLE `semestre` DISABLE KEYS */;
INSERT INTO `semestre` VALUES ('1',2016,0,4,NULL,NULL,NULL,NULL,NULL,NULL),('2',2016,1,16,NULL,NULL,NULL,NULL,NULL,NULL),('3',2016,2,16,NULL,NULL,NULL,NULL,NULL,NULL),('4',2017,1,16,NULL,NULL,NULL,NULL,NULL,NULL),('5',2017,2,16,NULL,NULL,NULL,NULL,NULL,NULL),('6',2018,1,4,136,66,NULL,NULL,NULL,NULL);
/*!40000 ALTER TABLE `semestre` ENABLE KEYS */;
UNLOCK TABLES;

--
-- Table structure for table `usuario`
--

DROP TABLE IF EXISTS `usuario`;
/*!40101 SET @saved_cs_client     = @@character_set_client */;
/*!40101 SET character_set_client = utf8 */;
CREATE TABLE `usuario` (
  `idusuario` varchar(12) NOT NULL,
  `nombreUsu` varchar(45) DEFAULT NULL,
  `Password` varchar(45) DEFAULT NULL,
  `nombre` varchar(45) DEFAULT NULL,
  `ape_Pat` varchar(45) DEFAULT NULL,
  `ape_Mat` varchar(45) DEFAULT NULL,
  `correoE` varchar(45) DEFAULT NULL,
  `perfil` int(11) NOT NULL,
  PRIMARY KEY (`idusuario`),
  KEY `nombreUsu` (`nombreUsu`),
  KEY `fk_usuario_perfil_idx` (`perfil`),
  CONSTRAINT `fk_usuario_perfil` FOREIGN KEY (`perfil`) REFERENCES `perfil` (`idperfil`) ON DELETE NO ACTION ON UPDATE NO ACTION
) ENGINE=InnoDB DEFAULT CHARSET=utf8;
/*!40101 SET character_set_client = @saved_cs_client */;

--
-- Dumping data for table `usuario`
--

LOCK TABLES `usuario` WRITE;
/*!40000 ALTER TABLE `usuario` DISABLE KEYS */;
INSERT INTO `usuario` VALUES ('COD001','12345678','123','Juan Carlos','Abad','Escalante','juancarlos@correo.com',1),('COD002','87654321','321','Willian Sergio','Acosta','Acosta',NULL,2);
/*!40000 ALTER TABLE `usuario` ENABLE KEYS */;
UNLOCK TABLES;

--
-- Dumping events for database 'bd_finalv17'
--

--
-- Dumping routines for database 'bd_finalv17'
--
/*!50003 DROP PROCEDURE IF EXISTS `diferenciasPlanes` */;
/*!50003 SET @saved_cs_client      = @@character_set_client */ ;
/*!50003 SET @saved_cs_results     = @@character_set_results */ ;
/*!50003 SET @saved_col_connection = @@collation_connection */ ;
/*!50003 SET character_set_client  = utf8 */ ;
/*!50003 SET character_set_results = utf8 */ ;
/*!50003 SET collation_connection  = utf8_general_ci */ ;
/*!50003 SET @saved_sql_mode       = @@sql_mode */ ;
/*!50003 SET sql_mode              = 'NO_AUTO_VALUE_ON_ZERO' */ ;
DELIMITER ;;
CREATE DEFINER=`root`@`localhost` PROCEDURE `diferenciasPlanes`(IN years int , IN semester int )
BEGIN
 /*plan antiguo*/

CREATE TABLE IF NOT EXISTS PLAN1 AS (SELECT c.nombre AS nombre,
    codDce_curso AS sap,
    det.sicat AS sicat,
    det.ciclo AS ciclo,
    det.codDce_escuela AS escuela,
    det.creditos AS creditos,
    det.h_teo AS h_teoria,
    det.h_lab h_labo,
    det.h_pract AS h_pract FROM
    det_curso_esc det,
    curso c
WHERE
    c.index_curso = det.index_curso
        AND codDce_sem IN (SELECT 
            idSemestre
        FROM
            semestre
        WHERE
            idSemestre =((SELECT se.idSemestre FROM semestre se WHERE ano=years AND semestre=semester)-1)));

 /*plan nuevo*/
CREATE TABLE IF NOT EXISTS PLAN2 AS (SELECT c.nombre AS nombre,
    codDce_curso AS sap,
    det.sicat AS sicat,
    det.ciclo AS ciclo,
    det.codDce_escuela AS escuela,
    det.creditos AS creditos,
    det.h_teo AS h_teoria,
    det.h_lab h_labo,
    det.h_pract AS h_pract FROM
    det_curso_esc det,
    curso c
WHERE
    c.index_curso = det.index_curso
        AND codDce_sem IN (SELECT 
            idSemestre
        FROM
            semestre
        WHERE
            ano = years AND semestre = semester));





SELECT p1.*, 'ELIMINADO' ESTADO , p1.nombre ANTES, '-' AHORA
FROM
    plan1 p1
WHERE
    NOT EXISTS( SELECT 
            p2.*
        FROM
            plan2 p2
        WHERE
            p1.sap = p1.sap AND p1.sicat = p2.sicat)
               /* AND p1.ciclo = p2.ciclo
                AND p1.creditos = p2.creditos
                AND p1.h_teoria = p2.h_teoria
                AND p1.h_labo = p2.h_labo
                AND p1.h_pract = p2.h_pract) */

UNION                
SELECT p2.*, 'CAMBIO DE CICLO'  ,p1.ciclo  ANTES, p2.ciclo AHORA
FROM plan2 p2, plan1 p1
WHERE  p1.sicat=p2.sicat
AND p1.sap=p2.sap
AND    EXISTS( SELECT 
            p1.* 
        FROM
            plan1 p1
        WHERE p1.sap = p2.sap 
				AND p1.sicat = p2.sicat
                AND p1.ciclo != p2.ciclo)


UNION
SELECT p2.*, 'CAMBIO DE CRÉDITOS', p1.creditos  ANTES, p2.creditos AHORA
FROM
    plan2 p2, plan1 p1
WHERE  p1.sicat=p2.sicat
AND p1.sap=p2.sap
AND  EXISTS( SELECT 
            p1.* 
        FROM
            plan1 p1
        WHERE
            p1.sap = p2.sap AND p1.sicat = p2.sicat
                AND p1.creditos != p2.creditos)
UNION 

SELECT p2.*, 'CAMBIO DE HT' , p1.h_teoria  ANTES, p2.h_teoria AHORA
FROM plan2 p2, plan1 p1
WHERE  p1.sicat=p2.sicat
AND p1.sap=p2.sap
AND 
    EXISTS( SELECT 
            p1.* 
        FROM
            plan1 p1
        WHERE
            p1.sap = p2.sap AND p1.sicat = p2.sicat
                AND p1.h_teoria != p2.h_teoria
                )

UNION                
SELECT p2.*, 'CAMBIO DE HL', p1.h_labo  ANTES, p2.h_labo AHORA
FROM plan2 p2, plan1 p1
WHERE  p1.sicat=p2.sicat
AND p1.sap=p2.sap
AND 
    EXISTS( SELECT 
            p1.* 
        FROM
            plan1 p1
        WHERE
            p1.sap = p2.sap AND p1.sicat = p2.sicat
                AND p1.h_labo != p2.h_labo)

UNION                
SELECT p2.*, 'CAMBIO DE HP' , p1.h_pract  ANTES, p2.h_pract AHORA
FROM plan2 p2, plan1 p1
WHERE  p1.sicat=p2.sicat
AND p1.sap=p2.sap
AND 
    EXISTS( SELECT 
            p1.* 
        FROM
            plan1 p1
        WHERE p1.sap = p2.sap 
				AND p1.sicat = p2.sicat
                AND p1.h_pract != p2.h_pract)

UNION                
SELECT p2.*, 'CAMBIO DE NOMBRE', p1.nombre  ANTES, p2.nombre AHORA
FROM plan2 p2, plan1 p1
WHERE  p1.sicat=p2.sicat
AND p1.sap=p2.sap
AND 
    EXISTS( SELECT 
            p1.* 
        FROM
            plan1 p1
        WHERE p1.sap = p2.sap 
				AND p1.sicat = p2.sicat
                AND p1.nombre != p2.nombre);
          
 drop table IF EXISTS PLAN1;
 drop table IF EXISTS PLAN2;
END ;;
DELIMITER ;
/*!50003 SET sql_mode              = @saved_sql_mode */ ;
/*!50003 SET character_set_client  = @saved_cs_client */ ;
/*!50003 SET character_set_results = @saved_cs_results */ ;
/*!50003 SET collation_connection  = @saved_col_connection */ ;
/*!50003 DROP PROCEDURE IF EXISTS `SP_HORASINIFINEXCEL` */;
/*!50003 SET @saved_cs_client      = @@character_set_client */ ;
/*!50003 SET @saved_cs_results     = @@character_set_results */ ;
/*!50003 SET @saved_col_connection = @@collation_connection */ ;
/*!50003 SET character_set_client  = utf8 */ ;
/*!50003 SET character_set_results = utf8 */ ;
/*!50003 SET collation_connection  = utf8_general_ci */ ;
/*!50003 SET @saved_sql_mode       = @@sql_mode */ ;
/*!50003 SET sql_mode              = 'STRICT_TRANS_TABLES,NO_AUTO_CREATE_USER,NO_ENGINE_SUBSTITUTION' */ ;
DELIMITER ;;
CREATE DEFINER=`root`@`localhost` PROCEDURE `SP_HORASINIFINEXCEL`()
BEGIN

CREATE TABLE IF NOT EXISTS HORARIO_DOCENTE AS (
SELECT 	EXC.PROFESOR,
		SUBSTR(REPLACE(REPLACE(EXC.LUNES, '-', ''), ':', ''), 1, 4) * 1 AS LUNES_INI,
        SUBSTR(REPLACE(REPLACE(EXC.LUNES, '-', ''), ':', '') FROM 5) * 1 AS LUNES_FIN,
        SUBSTR(REPLACE(REPLACE(EXC.MARTES, '-', ''), ':', ''), 1, 4) * 1 AS MARTES_INI,
        SUBSTR(REPLACE(REPLACE(EXC.MARTES, '-', ''), ':', '') FROM 5) * 1 AS MARTES_FIN,
        SUBSTR(REPLACE(REPLACE(EXC.MIERCOLES, '-', ''), ':', ''), 1, 4) * 1 AS MIERCOLES_INI,
        SUBSTR(REPLACE(REPLACE(EXC.MIERCOLES, '-', ''), ':', '') FROM 5) * 1 AS MIERCOLES_FIN,
        SUBSTR(REPLACE(REPLACE(EXC.JUEVES, '-', ''), ':', ''), 1, 4) * 1 AS JUEVES_INI,
        SUBSTR(REPLACE(REPLACE(EXC.JUEVES, '-', ''), ':', '') FROM 5) * 1 AS JUEVES_FIN,
        SUBSTR(REPLACE(REPLACE(EXC.VIERNES, '-', ''), ':', ''), 1, 4) * 1 AS VIERNES_INI,
        SUBSTR(REPLACE(REPLACE(EXC.VIERNES, '-', ''), ':', '') FROM 5) * 1 AS VIERNES_FIN,
        SUBSTR(REPLACE(REPLACE(EXC.SABADO, '-', ''), ':', ''), 1, 4) * 1 AS SABADO_INI,
        SUBSTR(REPLACE(REPLACE(EXC.SABADO, '-', ''), ':', '') FROM 5) * 1 AS SABADO_FIN,
        SUBSTR(REPLACE(REPLACE(EXC.DOMINGO, '-', ''), ':', ''), 1, 4) * 1 AS DOMINGO_INI,
        SUBSTR(REPLACE(REPLACE(EXC.DOMINGO, '-', ''), ':', '') FROM 5) * 1 AS DOMINGO_FIN
	FROM HORARIO_EXCEL AS EXC
);

SELECT * FROM HORARIO_DOCENTE;

DROP TABLE IF EXISTS HORARIO_DOCENTE;

END ;;
DELIMITER ;
/*!50003 SET sql_mode              = @saved_sql_mode */ ;
/*!50003 SET character_set_client  = @saved_cs_client */ ;
/*!50003 SET character_set_results = @saved_cs_results */ ;
/*!50003 SET collation_connection  = @saved_col_connection */ ;
/*!40103 SET TIME_ZONE=@OLD_TIME_ZONE */;

/*!40101 SET SQL_MODE=@OLD_SQL_MODE */;
/*!40014 SET FOREIGN_KEY_CHECKS=@OLD_FOREIGN_KEY_CHECKS */;
/*!40014 SET UNIQUE_CHECKS=@OLD_UNIQUE_CHECKS */;
/*!40101 SET CHARACTER_SET_CLIENT=@OLD_CHARACTER_SET_CLIENT */;
/*!40101 SET CHARACTER_SET_RESULTS=@OLD_CHARACTER_SET_RESULTS */;
/*!40101 SET COLLATION_CONNECTION=@OLD_COLLATION_CONNECTION */;
/*!40111 SET SQL_NOTES=@OLD_SQL_NOTES */;

-- Dump completed on 2017-10-12 23:29:11
